sim_seconds,system.cpu.cpi,system.cpu.dcache.overall_miss_rate::total,system.cpu.icache.overall_miss_rate::total,system.l2.overall_miss_rate::total,Benchmark,Config,default_cpi,speedup,L1d,L1i,L2,cacheline,L1d_assoc,L1i_assoc,L2_assoc,Unnamed: 0,processor_peak_power,core_area,core_subthreshold_leakage,core_gate_leakage,core_runtime_dynamic,L2_area,L2_subthreshold_leakage,L2_gate_leakage,L2_runtime_dynamic,total_power,total_area,EDAP
0.083329,1.666573,0.014359,6.7e-05,0.173845,specbzip,Cacheline_128,1.67965,1.0078466409812232,64,32,2,128,2,2,8,2,9.22886,11.0402,1.18338,0.00728232,0.503763,38.4333,0.0163995,0.00351474,0.0755805,0.5793435,49.4735,47.767566390639374
0.10557,2.111404,0.02405,9.7e-05,0.584866,specbzip,Cacheline_16,1.67965,0.7955133172050447,64,32,2,16,2,2,8,3,1.56443,3.72356,0.6174,0.00318253,0.0669883,7.43189,0.00488826,0.000477109,0.00511244,0.07210074,11.15545,1.6982364420144762
0.083098,1.661958,0.015258,6.3e-05,0.108546,specbzip,Cacheline_256,1.67965,1.0106452750310178,64,32,2,256,2,2,8,4,27.2066,26.8722,2.38722,0.0150925,0.963634,63.5151,0.0342731,0.0079159,0.234855,1.198489,90.3873,180.03689333672023
0.092629,1.852581,0.018283,8.7e-05,0.427357,specbzip,Cacheline_32,1.67965,0.9066540140485084,64,32,2,32,2,2,8,5,2.22593,5.13381,0.793678,0.00471982,0.146285,6.37949,0.00445064,0.000433207,0.00735415,0.15363915,11.513300000000001,3.2770187219836693
0.081737,1.634732,0.010771,6.7e-05,0.23603,specbzip,cl_128_L1d_128kB,1.67965,1.0274772867968571,128,32,2,128,2,2,8,6,10.2015,13.5223,1.31776,0.00809194,0.884239,38.4333,0.0163995,0.00351474,0.0543865,0.9386255,51.955600000000004,79.72073191437757
0.084813,1.696263,0.017911,6.7e-05,0.137935,specbzip,cl_128_L1d_32kB,1.67965,0.990206117801308,32,32,2,128,2,2,8,7,8.66801,9.69887,1.08309,0.00656314,0.299012,38.4333,0.0163995,0.00351474,0.0957118,0.3947238,48.13217,32.22715323785036
0.085221,1.704425,0.017858,6.7e-05,0.139039,specbzip,cl_128_L1d_assoc_1,1.67965,0.9854643061443008,64,32,2,128,1,2,8,8,9.12162,11.0702,1.17179,0.00717618,0.456461,38.4333,0.0163995,0.00351474,0.0939152,0.5503762,49.5035,46.4379935192489
0.082492,1.649833,0.012826,6.7e-05,0.195893,specbzip,cl_128_L1d_assoc_4,1.67965,1.0180727382710857,64,32,2,128,4,2,8,9,9.2739,10.9906,1.18301,0.00727913,0.522922,38.4333,0.0163995,0.00351474,0.0667932,0.5897152,49.4239,48.08607398472477
0.083331,1.666628,0.014359,7.8e-05,0.173868,specbzip,cl_128_L1i_16kB,1.67965,1.0078133812704455,64,16,2,128,2,2,8,10,9.24102,10.9317,1.17789,0.00728014,0.503748,38.4333,0.0163995,0.00351474,0.07559,0.579338,49.365,47.663928121212365
0.083316,1.666316,0.014358,5.6e-05,0.173828,specbzip,cl_128_L1i_64kB,1.67965,1.0080020836383976,64,64,2,128,2,2,8,11,9.91251,12.2597,1.28367,0.0080015,0.503841,38.4333,0.0163995,0.00351474,0.0755818,0.5794228,50.693000000000005,48.94416664754653
0.083331,1.666628,0.014358,8.1e-05,0.17383,specbzip,cl_128_L1i_assoc_1,1.67965,1.0078133812704455,64,32,2,128,2,1,8,12,8.61201,9.80396,1.05873,0.00615084,0.503745,38.4333,0.0163995,0.00351474,0.0755892,0.5793342,48.237260000000006,46.57474349470196
0.083324,1.666472,0.014359,5.4e-05,0.17386,specbzip,cl_128_L1i_assoc_4,1.67965,1.0079077236221192,64,32,2,128,2,4,8,13,9.93679,12.3288,1.26996,0.00797365,0.503794,38.4333,0.0163995,0.00351474,0.0755758,0.5793697999999999,50.762100000000004,49.01098772223628
0.084543,1.690851,0.014361,6.7e-05,0.203861,specbzip,cl_128_L2_1MB,1.67965,0.9933755251054056,64,32,1,128,2,2,8,14,8.79613,11.0402,1.18338,0.00728232,0.49656,18.4409,0.00982759,0.00213695,0.0577161,0.5542761,29.481099999999998,27.629636742020985
0.082439,1.648784,0.014349,6.7e-05,0.154262,specbzip,cl_128_L2_4MB,1.67965,1.0187204630806703,64,32,4,128,2,2,8,15,8.5607,11.0402,1.18338,0.00728232,0.50924,17.2367,0.011754,0.00179701,0.0512691,0.5605091,28.276899999999998,26.13233567707343
0.083354,1.66707,0.014359,6.7e-05,0.173853,specbzip,cl_128_L2_assoc_16,1.67965,1.007546173825934,64,32,2,128,2,2,16,16,8.30677,11.0402,1.18338,0.00728232,0.503613,9.55784,0.00636927,0.000960741,0.0400802,0.5436932,20.59804,18.66954073797347
0.083302,1.666046,0.014358,6.7e-05,0.174181,specbzip,cl_128_L2_assoc_4,1.67965,1.008165440810158,64,32,2,128,2,2,4,17,9.22489,11.0402,1.18338,0.00728232,0.503924,38.5022,0.0163047,0.00350145,0.0752962,0.5792202000000001,49.5424,47.80878743568216
0.081225,1.624496,0.011202,6.3e-05,0.149513,specbzip,cl_256_L1d_128kB,1.67965,1.0339514532507317,128,32,2,256,2,2,8,18,28.9135,31.5755,2.62763,0.016631,1.65248,63.5151,0.0342731,0.0079159,0.169947,1.822427,95.0906,281.5181339189243
0.084884,1.697672,0.019148,6.3e-05,0.085976,specbzip,cl_256_L1d_32kB,1.67965,0.9893842862461064,32,32,2,256,2,2,8,19,27.1833,26.7476,2.38038,0.0151099,0.952909,63.5151,0.0342731,0.0079159,0.293956,1.2468650000000001,90.2627,191.06517674580817
0.085587,1.711731,0.019451,6.3e-05,0.08539,specbzip,cl_256_L1d_assoc_1,1.67965,0.9812581532962832,64,32,2,256,1,2,8,20,27.1092,26.9365,2.38747,0.0150925,0.908535,63.5151,0.0342731,0.0079159,0.291103,1.199638,90.4516,185.7385212351255
0.082275,1.645503,0.013829,6.3e-05,0.120135,specbzip,cl_256_L1d_assoc_4,1.67965,1.0207517093557412,64,32,2,256,4,2,8,21,29.3357,32.4329,2.64543,0.0169011,1.81064,63.5151,0.0342731,0.0079159,0.212837,2.023477,95.948,319.4720563487316
0.083112,1.662245,0.015258,8e-05,0.108559,specbzip,cl_256_L1i_16kB,1.67965,1.010470778976625,64,16,2,256,2,2,8,22,27.3978,27.1127,2.39875,0.0152076,0.963474,63.5151,0.0342731,0.0079159,0.234845,1.1983190000000001,90.6278,180.52149362714212
0.083139,1.662776,0.015258,4.5e-05,0.108506,specbzip,cl_256_L1i_64kB,1.67965,1.010148089700597,64,64,2,256,2,2,8,23,27.1344,26.9855,2.39407,0.0150751,0.963153,63.5151,0.0342731,0.0079159,0.234711,1.197864,90.50059999999999,180.25724076469828
0.083118,1.66235,0.015258,8.2e-05,0.108535,specbzip,cl_256_L1i_assoc_1,1.67965,1.0104069540108882,64,32,2,256,2,1,8,24,25.7949,24.3346,2.21481,0.0137089,0.963409,63.5151,0.0342731,0.0079159,0.234828,1.198237,87.8497,174.98687541327442
0.083104,1.662078,0.015258,4.7e-05,0.108506,specbzip,cl_256_L1i_assoc_4,1.67965,1.0105723076774975,64,32,2,256,2,4,8,25,30.1346,32.5264,2.66855,0.0170367,0.963563,63.5151,0.0342731,0.0079159,0.23482,1.198383,96.0415,191.29603785772878
0.084335,1.686705,0.01526,6.3e-05,0.137758,specbzip,cl_256_L2_1MB,1.67965,0.9958172887375092,64,32,1,256,2,2,8,26,26.4747,26.8722,2.38722,0.0150925,0.949594,41.012,0.0246282,0.00569725,0.198603,1.1481970000000001,67.88419999999999,131.4692678780815
0.082444,1.648878,0.015236,6.3e-05,0.096603,specbzip,cl_256_L2_4MB,1.67965,1.0186623873931242,64,32,4,256,2,2,8,27,27.8819,26.8722,2.38722,0.0150925,0.971337,83.7665,0.0426703,0.00936352,0.273362,1.244699,110.6387,227.07008803612504
0.08312,1.662408,0.015257,6.3e-05,0.10859,specbzip,cl_256_L2_assoc_16,1.67965,1.0103717017723688,64,32,2,256,2,2,16,32,27.2228,26.8722,2.38722,0.0150925,0.963376,63.4759,0.034368,0.00792922,0.236559,1.199935,90.3481,180.2247223684854
0.08306,1.661196,0.015255,6.3e-05,0.108932,specbzip,cl_256_L2_assoc_4,1.67965,1.0111088637343215,64,32,2,256,2,2,4,33,27.2025,26.8722,2.38722,0.0150925,0.96408,63.5544,0.0342259,0.00790933,0.234681,1.198761,90.42660000000001,180.07344945292135
0.083982,1.67965,0.014798,7.7e-05,0.282163,specbzip,default,1.67965,1.0,64,32,2,64,2,2,8,34,3.86567,7.22483,1.098,0.00726281,0.306127,7.0038,0.00472789,0.000571604,0.0149668,0.3210938,14.228629999999999,7.673858737123497
0.082521,1.650416,0.011747,7.7e-05,0.363137,specbzip,L1d_128kB,1.67965,1.0177131099068355,128,32,2,64,2,2,8,35,4.36266,9.87973,1.38119,0.00969175,0.403955,7.0038,0.00472789,0.000571604,0.0111776,0.4151326,16.88353,11.56760681897043
0.082519,1.650388,0.011748,7.2e-05,0.363126,specbzip,L1d_128kB_L1i_64kB,1.67965,1.0177303761297345,128,64,2,64,2,2,8,36,5.36199,12.2715,1.78243,0.0133423,0.403966,7.0038,0.00472789,0.000571604,0.0111761,0.4151421,19.2753,13.206385829760311
0.084073,1.681455,0.011745,7.2e-05,0.410075,specbzip,L1d_128kB_L1i_64kB_L2_1MB,1.67965,0.9989265249441704,128,64,1,64,2,2,8,37,5.25587,12.2715,1.78243,0.0133423,0.396518,4.1658,0.00278925,0.000397114,0.00804582,0.40456381999999996,16.4373,11.181569614014677
0.083995,1.67989,0.011742,7.2e-05,0.407328,specbzip,L1d_128kB_L1i_64kB_L2_1MB_L2_assoc_16,1.67965,0.9998571335027888,128,64,1,64,2,2,16,38,5.25771,12.2715,1.78243,0.0133423,0.396884,4.223,0.00292562,0.000418879,0.00816644,0.40505044,16.4945,11.223520609241316
0.083606,1.672113,0.010948,7.2e-05,0.440234,specbzip,L1d_128kB_L1i_64kB_L2_1MB_L2_assoc_16_L1d_assoc_4,1.67965,1.0045074704879395,128,64,1,64,4,2,16,39,5.03794,13.3903,1.52885,0.010704,0.41483,4.223,0.00292562,0.000418879,0.00742081,0.42225081,17.6133,12.435889287656124
0.081217,1.624346,0.011745,7.2e-05,0.323989,specbzip,L1d_128kB_L1i_64kB_L2_4MB,1.67965,1.034046933350407,128,64,4,64,2,2,8,40,5.4871,12.2715,1.78243,0.0133423,0.410482,13.3224,0.00910636,0.00110378,0.0151846,0.4256666,25.593899999999998,17.696386157497994
0.081197,1.623941,0.011744,7.2e-05,0.325455,specbzip,L1d_128kB_L1i_64kB_L2_4MB_L2_assoc_16,1.67965,1.0343048177242893,128,64,4,64,2,2,16,41,5.489,12.2715,1.78243,0.0133423,0.410587,13.1532,0.00921368,0.00112022,0.0153298,0.4259168,25.4247,17.585343449090008
0.080804,1.616081,0.01095,7.2e-05,0.351737,specbzip,L1d_128kB_L1i_64kB_L2_4MB_L2_assoc_16_L1d_assoc_4,1.67965,1.0393352808429774,128,64,4,64,4,2,16,42,5.26923,13.3903,1.52885,0.010704,0.429241,13.1532,0.00921368,0.00112022,0.0139979,0.4432389,26.5435,19.013373549365514
0.085315,1.706294,0.017943,7.7e-05,0.229498,specbzip,L1d_32kB,1.67965,0.9843848715403092,32,32,2,64,2,2,8,43,2.98366,4.59384,0.696764,0.0036123,0.0963954,7.0038,0.00472789,0.000571604,0.018739,0.1151344,11.59764,2.278392747197004
0.085576,1.711521,0.017875,7.7e-05,0.231125,specbzip,L1d_assoc_1,1.67965,0.981378551592414,64,32,2,64,1,2,8,44,3.86087,7.18505,1.09577,0.00724961,0.29965,7.0038,0.00472789,0.000571604,0.0184782,0.3181282,14.18885,7.725588962380078
0.083184,1.663677,0.013334,7.7e-05,0.315939,specbzip,L1d_assoc_4,1.67965,1.0096010223138263,64,32,2,64,4,2,8,45,3.59803,6.08826,0.825522,0.0046475,0.307693,7.0038,0.00472789,0.000571604,0.0131916,0.3208846,13.09206,6.989174349902347
0.082879,1.65759,0.012735,7.7e-05,0.332218,specbzip,L1d_assoc_8,1.67965,1.0133084779710304,64,32,2,64,8,2,8,46,3.84194,6.38891,0.846024,0.00480872,0.389663,7.0038,0.00472789,0.000571604,0.0124498,0.4021128,13.392710000000001,8.926752229278453
0.084007,1.680134,0.014799,8.4e-05,0.282187,specbzip,L1i_16kB,1.67965,0.999711927739097,64,16,2,64,2,2,8,47,3.84674,7.17051,1.09074,0.00724313,0.306039,7.0038,0.00472789,0.000571604,0.0149649,0.3210039,14.17431,7.644624468056954
0.083994,1.679876,0.0148,7.2e-05,0.282148,specbzip,L1i_64kB,1.67965,0.999865466260605,64,64,2,64,2,2,8,48,4.865,9.61665,1.49924,0.0109133,0.306089,7.0038,0.00472789,0.000571604,0.0149634,0.3210524,16.620449999999998,8.963877739069563
0.083998,1.679958,0.014798,9e-05,0.28212,specbzip,L1i_assoc_1,1.67965,0.9998166620832188,64,32,2,64,2,1,8,49,3.83552,7.19162,1.09768,0.0072586,0.30607,7.0038,0.00472789,0.000571604,0.0149668,0.3210368,14.19542,7.6559923106531995
0.083992,1.679834,0.014799,7e-05,0.282188,specbzip,L1i_assoc_4,1.67965,0.9998904653674112,64,32,2,64,2,4,8,50,4.2711,7.98819,1.17653,0.00798406,0.306096,7.0038,0.00472789,0.000571604,0.0149638,0.3210598,14.991990000000001,8.085587510481735
0.083998,1.679962,0.014799,7e-05,0.282188,specbzip,L1i_assoc_8,1.67965,0.9998142815135104,64,32,2,64,2,8,8,51,4.62657,8.8343,1.2204,0.00831435,0.306073,7.0038,0.00472789,0.000571604,0.0149625,0.3210355,15.8381,8.541921937774601
0.085526,1.71052,0.014796,7.7e-05,0.318634,specbzip,L2_1MB,1.67965,0.981952856441316,64,32,1,64,2,2,8,52,3.75956,7.22483,1.098,0.00726281,0.300615,4.1658,0.00278925,0.000397114,0.0108282,0.31144320000000003,11.39063,6.068128297653113
0.082692,1.653848,0.014796,7.7e-05,0.251734,specbzip,L2_4MB,1.67965,1.0156011918870418,64,32,4,64,2,2,8,53,3.99078,7.22483,1.098,0.00726281,0.310932,13.3224,0.00910636,0.00110378,0.0201726,0.33110459999999997,20.54723,11.25159494148645
0.084064,1.681276,0.014799,7.7e-05,0.283168,specbzip,L2_assoc_16,1.67965,0.9990328774097768,64,32,2,64,2,2,16,54,3.86691,7.22483,1.098,0.00726281,0.30583,7.67752,0.00494005,0.000605182,0.0149961,0.3208261,14.90235,8.038286192815583
0.084406,1.688129,0.014791,7.7e-05,0.292739,specbzip,L2_assoc_2,1.67965,0.9949772795799374,64,32,2,64,2,2,2,55,3.86492,7.22483,1.098,0.00726281,0.304591,7.69091,0.00465773,0.000566123,0.0147025,0.3192935,14.91574,8.03971238686575
0.084043,1.680863,0.0148,7.7e-05,0.28331,specbzip,L2_assoc_32,1.67965,0.9992783468968024,64,32,2,64,2,2,32,56,3.87177,7.22483,1.098,0.00726281,0.305905,7.72645,0.00527753,0.000654024,0.0153744,0.3212794,14.95128,8.074089743146727
0.083942,1.678833,0.014793,7.7e-05,0.282144,specbzip,L2_assoc_4,1.67965,1.000486647570068,64,32,2,64,2,2,4,57,3.86503,7.22483,1.098,0.00726281,0.306276,7.68591,0.0046776,0.000568258,0.0149099,0.32118589999999997,14.91074,8.040131767836737
0.084077,1.681547,0.0148,7.7e-05,0.28369,specbzip,L2_assoc_64,1.67965,0.998871872151061,64,32,2,64,2,2,64,58,3.88963,7.22483,1.098,0.00726281,0.305781,7.72423,0.00570646,0.000714457,0.0170324,0.32281340000000003,14.94906,8.11473701338044
0.080009,1.600188,0.010138,3.9e-05,0.145083,specbzip,cl_256_L2_4MB_L1i_64kB_L1d_128kB_L2_assoc_16_L1d_assoc_4_L1i_assoc_16,1.67965,1.0496579151949648,128,64,4,256,4,16,16,28,48.7231,69.3741,4.20938,0.0261531,1.84337,83.6797,0.0428605,0.00939029,0.18114,2.02451,153.0538,495.8325713031438
0.080005,1.600096,0.010138,4.1e-05,0.145076,specbzip,cl_256_L2_4MB_L1i_64kB_L1d_128kB_L2_assoc_16_L1d_assoc_4_L1i_assoc_4,1.67965,1.0497182669039855,128,64,4,256,4,4,16,29,32.6443,37.14,2.92846,0.0186976,1.84344,83.6797,0.0428605,0.00939029,0.18116,2.0246,120.8197,391.40198610220347
0.080017,1.600344,0.010138,3.9e-05,0.145083,specbzip,cl_256_L2_4MB_L1i_64kB_L1d_128kB_L2_assoc_16_L1d_assoc_4_L1i_assoc_8,1.67965,1.0495555955469575,128,64,4,256,4,8,16,30,37.1858,46.1337,3.31797,0.0211603,1.84317,83.6797,0.0428605,0.00939029,0.181123,2.024293,129.8134,420.5389675247026
0.079593,1.591869,0.00935,3.9e-05,0.157904,specbzip,cl_256_L2_4MB_L1i_64kB_L1d_128kB_L2_assoc_16_L1d_assoc_8_L1i_assoc_8,1.67965,1.0551433566455533,128,64,4,256,8,8,16,31,41.2294,56.9064,3.71281,0.0237037,3.48776,83.6797,0.0428605,0.00939029,0.166079,3.653839,140.5861,817.7096363146068
0.059099,1.181978,0.000881,0.000345,0.072025,spechmmer,Cacheline_128,1.187917,1.00502462820797,64,32,2,128,2,2,8,61,9.22886,11.0402,1.18338,0.00728232,0.604939,38.4333,0.0163995,0.00351474,0.00626269,0.61120169,49.4735,35.740989767364304
0.061015,1.220304,0.006153,0.000206,0.077133,spechmmer,Cacheline_16,1.187917,0.9734598919613472,64,32,2,16,2,2,8,62,1.56443,3.72356,0.6174,0.00318253,0.114402,7.43189,0.00488826,0.000477109,0.00281186,0.11721386,11.15545,1.5956369948349194
0.058993,1.179864,0.000544,0.000468,0.056276,spechmmer,Cacheline_256,1.187917,1.0068253629231845,64,32,2,256,2,2,8,63,27.2066,26.8722,2.38722,0.0150925,1.11913,63.5151,0.0342731,0.0079159,0.0115928,1.1307228,90.3873,120.5856179043113
0.059842,1.196843,0.003134,0.00019,0.078314,spechmmer,Cacheline_32,1.187917,0.9925420460327712,64,32,2,32,2,2,8,64,2.22593,5.13381,0.793678,0.00471982,0.206415,6.37949,0.00445064,0.000433207,0.00226498,0.20867998,11.513300000000001,2.875529263391042
0.05903,1.180605,0.000388,0.000344,0.146222,spechmmer,cl_128_L1d_128kB,1.187917,1.006193434722028,128,32,2,128,2,2,8,65,10.2015,13.5223,1.31776,0.00809194,1.03368,38.4333,0.0163995,0.00351474,0.00278989,1.03646989,51.955600000000004,63.57606922100833
0.05925,1.185003,0.00139,0.000347,0.048132,spechmmer,cl_128_L1d_32kB,1.187917,1.0024590655044754,32,32,2,128,2,2,8,66,8.66801,9.69887,1.08309,0.00656314,0.366949,38.4333,0.0163995,0.00351474,0.00963881,0.37658781,48.13217,21.47935073962
0.060552,1.211043,0.003106,0.000345,0.022615,spechmmer,cl_128_L1d_assoc_1,1.187917,0.9809040636872512,64,32,2,128,1,2,8,67,9.12162,11.0702,1.17179,0.00717618,0.550236,38.4333,0.0163995,0.00351474,0.020834,0.57107,49.5035,34.23614170363604
0.059089,1.181775,0.000853,0.000344,0.074295,spechmmer,cl_128_L1d_assoc_4,1.187917,1.0051972668232108,64,32,2,128,4,2,8,68,9.2739,10.9906,1.18301,0.00727913,0.617572,38.4333,0.0163995,0.00351474,0.00604571,0.62361771,49.4239,36.424219192301074
0.059131,1.182626,0.00088,0.000659,0.064453,spechmmer,cl_128_L1i_16kB,1.187917,1.0044739418886444,64,16,2,128,2,2,8,69,9.24102,10.9317,1.17789,0.00728014,0.604706,38.4333,0.0163995,0.00351474,0.00686382,0.6115698199999999,49.365,35.703649432449446
0.05907,1.181398,0.000881,8.3e-05,0.079897,spechmmer,cl_128_L1i_64kB,1.187917,1.0055180387981018,64,64,2,128,2,2,8,70,9.91251,12.2597,1.28367,0.0080015,0.605156,38.4333,0.0163995,0.00351474,0.00574929,0.61090529,50.693000000000005,36.58626793521323
0.063841,1.276817,0.000881,0.034722,0.005338,spechmmer,cl_128_L1i_assoc_1,1.187917,0.9303737340589918,64,32,2,128,2,1,8,71,8.61201,9.80396,1.05873,0.00615084,0.567548,38.4333,0.0163995,0.00351474,0.0637645,0.6313125,48.237260000000006,38.88263384549648
0.059078,1.181568,0.000881,0.000224,0.075487,spechmmer,cl_128_L1i_assoc_4,1.187917,1.00537336826996,64,32,2,128,2,4,8,72,9.93679,12.3288,1.26996,0.00797365,0.605128,38.4333,0.0163995,0.00351474,0.00602705,0.61115505,50.762100000000004,36.656391110635234
0.059099,1.181978,0.000881,0.000345,0.072025,spechmmer,cl_128_L2_1MB,1.187917,1.00502462820797,64,32,1,128,2,2,8,73,8.79613,11.0402,1.18338,0.00728232,0.604939,18.4409,0.00982759,0.00213695,0.00487465,0.60981365,29.481099999999998,21.249573531373393
0.059099,1.181978,0.000881,0.000345,0.072025,spechmmer,cl_128_L2_4MB,1.187917,1.00502462820797,64,32,4,128,2,2,8,74,8.5607,11.0402,1.18338,0.00728232,0.604939,17.2367,0.011754,0.00179701,0.00401816,0.60895716,28.276899999999998,20.35297646095214
0.059099,1.181978,0.000881,0.000345,0.072025,spechmmer,cl_128_L2_assoc_16,1.187917,1.00502462820797,64,32,2,128,2,2,16,75,8.30677,11.0402,1.18338,0.00728232,0.604939,9.55784,0.00636927,0.000960741,0.00321098,0.60814998,20.59804,14.806280992446824
0.059099,1.181978,0.000881,0.000345,0.072025,spechmmer,cl_128_L2_assoc_4,1.187917,1.00502462820797,64,32,2,128,2,2,4,76,9.22489,11.0402,1.18338,0.00728232,0.604939,38.5022,0.0163047,0.00350145,0.00623132,0.61117032,49.5424,35.78892801899522
0.058922,1.17844,0.000237,0.000468,0.101365,spechmmer,cl_256_L1d_128kB,1.187917,1.008041987712569,128,32,2,256,2,2,8,77,28.9135,31.5755,2.62763,0.016631,1.90559,63.5151,0.0342731,0.0079159,0.00577189,1.9113618899999998,95.0906,214.184473769594
0.059156,1.18312,0.000991,0.00047,0.035649,spechmmer,cl_256_L1d_32kB,1.187917,1.004054533775103,32,32,2,256,2,2,8,78,27.1833,26.7476,2.38038,0.0151099,1.13135,63.5151,0.0342731,0.0079159,0.0191102,1.1504602000000002,90.2627,122.85949196450817
0.061536,1.230717,0.004127,0.000468,0.009341,spechmmer,cl_256_L1d_assoc_1,1.187917,0.9652235241733068,64,32,2,256,1,2,8,79,27.1092,26.9365,2.38747,0.0150925,1.04792,63.5151,0.0342731,0.0079159,0.075134,1.123054,90.4516,125.01873267563265
0.058959,1.179175,0.000475,0.000468,0.062457,spechmmer,cl_256_L1d_assoc_4,1.187917,1.0074136578540078,64,32,2,256,4,2,8,80,29.3357,32.4329,2.64543,0.0169011,2.10052,63.5151,0.0342731,0.0079159,0.0102424,2.1107624,95.948,238.81056646076297
0.059032,1.180635,0.000544,0.000773,0.048814,spechmmer,cl_256_L1i_16kB,1.187917,1.0061678672917538,64,16,2,256,2,2,8,81,27.3978,27.1127,2.39875,0.0152076,1.11875,63.5151,0.0342731,0.0079159,0.0128368,1.1315868,90.6278,121.07792348387979
0.058953,1.179064,0.000544,7.4e-05,0.070083,spechmmer,cl_256_L1i_64kB,1.187917,1.0075084982664215,64,64,2,256,2,2,8,82,27.1344,26.9855,2.39407,0.0150751,1.11943,63.5151,0.0342731,0.0079159,0.00981501,1.12924501,90.50059999999999,120.49721740287599
0.064273,1.285454,0.000544,0.032382,0.003417,spechmmer,cl_256_L1i_assoc_1,1.187917,0.9241225279162067,64,32,2,256,2,1,8,83,25.7949,24.3346,2.21481,0.0137089,1.05516,63.5151,0.0342731,0.0079159,0.129029,1.1841890000000002,87.8497,133.7266130997611
0.058967,1.179334,0.000544,0.000241,0.06348,spechmmer,cl_256_L1i_assoc_4,1.187917,1.0072778364738062,64,32,2,256,2,4,8,84,30.1346,32.5264,2.66855,0.0170367,1.11945,63.5151,0.0342731,0.0079159,0.0105508,1.1300008000000001,96.0415,127.98954779993512
0.058993,1.179864,0.000544,0.000468,0.056276,spechmmer,cl_256_L2_1MB,1.187917,1.0068253629231845,64,32,1,256,2,2,8,85,26.4747,26.8722,2.38722,0.0150925,1.11913,41.012,0.0246282,0.00569725,0.00993689,1.12906689,67.88419999999999,90.43162320833275
0.058993,1.179864,0.000544,0.000468,0.056276,spechmmer,cl_256_L2_4MB,1.187917,1.0068253629231845,64,32,4,256,2,2,8,86,27.8819,26.8722,2.38722,0.0150925,1.11913,83.7665,0.0426703,0.00936352,0.0132461,1.1323760999999999,110.6387,147.81881243751494
0.058993,1.179864,0.000544,0.000468,0.056276,spechmmer,cl_256_L2_assoc_16,1.187917,1.0068253629231845,64,32,2,256,2,2,16,91,27.2228,26.8722,2.38722,0.0150925,1.11913,63.4759,0.034368,0.00792922,0.0116794,1.1308094,90.3481,120.54255264614291
0.058993,1.179864,0.000544,0.000468,0.056276,spechmmer,cl_256_L2_assoc_4,1.187917,1.0068253629231845,64,32,2,256,2,2,4,92,27.2025,26.8722,2.38722,0.0150925,1.11913,63.5544,0.0342259,0.00790933,0.0115714,1.1307014,90.42660000000001,120.63576481062567
0.059396,1.187917,0.001637,0.000221,0.07776,spechmmer,default,1.187917,1.0,64,32,2,64,2,2,8,93,3.86567,7.22483,1.098,0.00726281,0.378698,7.0038,0.00472789,0.000571604,0.00231964,0.38101764,14.228629999999999,6.440124546564529
0.059317,1.186345,0.000701,0.000212,0.180008,spechmmer,L1d_128kB,1.187917,1.0013250782866705,128,32,2,64,2,2,8,94,4.36266,9.87973,1.38119,0.00969175,0.485963,7.0038,0.00472789,0.000571604,0.00089853,0.48686153,16.88353,9.75168619938509
0.059292,1.185839,0.000702,8.7e-05,0.193947,spechmmer,L1d_128kB_L1i_64kB,1.187917,1.001752345807483,128,64,2,64,2,2,8,95,5.36199,12.2715,1.78243,0.0133423,0.486158,7.0038,0.00472789,0.000571604,0.000844042,0.48700204199999997,19.2753,11.131601680968759
0.059292,1.185839,0.000702,8.7e-05,0.193947,spechmmer,L1d_128kB_L1i_64kB_L2_1MB,1.187917,1.001752345807483,128,64,1,64,2,2,8,96,5.25587,12.2715,1.78243,0.0133423,0.486158,4.1658,0.00278925,0.000397114,0.000630397,0.486788397,16.4373,9.488475245363809
0.059292,1.185839,0.000702,8.7e-05,0.193947,spechmmer,L1d_128kB_L1i_64kB_L2_1MB_L2_assoc_16,1.187917,1.001752345807483,128,64,1,64,2,2,16,97,5.25771,12.2715,1.78243,0.0133423,0.486158,4.223,0.00292562,0.000418879,0.00063773,0.48679573,16.4945,9.521637530024083
0.059278,1.185557,0.000669,8.7e-05,0.206886,spechmmer,L1d_128kB_L1i_64kB_L2_1MB_L2_assoc_16_L1d_assoc_4,1.187917,1.0019906255034552,128,64,1,64,4,2,16,98,5.03794,13.3903,1.52885,0.010704,0.505588,4.223,0.00292562,0.000418879,0.000589616,0.506177616,17.6133,10.569783881832535
0.059292,1.185839,0.000702,8.7e-05,0.193947,spechmmer,L1d_128kB_L1i_64kB_L2_4MB,1.187917,1.001752345807483,128,64,4,64,2,2,8,99,5.4871,12.2715,1.78243,0.0133423,0.486158,13.3224,0.00910636,0.00110378,0.00108986,0.48724786,25.593899999999998,14.78809182055439
0.059292,1.185839,0.000702,8.7e-05,0.193947,spechmmer,L1d_128kB_L1i_64kB_L2_4MB_L2_assoc_16,1.187917,1.001752345807483,128,64,4,64,2,2,16,100,5.489,12.2715,1.78243,0.0133423,0.486158,13.1532,0.00921368,0.00112022,0.00109938,0.48725737999999996,25.4247,14.690615505207003
0.059278,1.185557,0.000669,8.7e-05,0.206886,spechmmer,L1d_128kB_L1i_64kB_L2_4MB_L2_assoc_16_L1d_assoc_4,1.187917,1.0019906255034552,128,64,4,64,4,2,16,101,5.26923,13.3903,1.52885,0.010704,0.505588,13.1532,0.00921368,0.00112022,0.00101646,0.50660446,26.5435,15.942250758456446
0.059567,1.191346,0.002359,0.000221,0.054065,spechmmer,L1d_32kB,1.187917,0.9971217429697165,32,32,2,64,2,2,8,102,2.98366,4.59384,0.696764,0.0036123,0.132076,7.0038,0.00472789,0.000571604,0.00340579,0.13548179,11.59764,1.871925070211273
0.060575,1.211494,0.003394,0.000221,0.038446,spechmmer,L1d_assoc_1,1.187917,0.9805389048563178,64,32,2,64,1,2,8,103,3.86087,7.18505,1.09577,0.00724961,0.370122,7.0038,0.00472789,0.000571604,0.00479404,0.37491604,14.18885,6.444696742942846
0.059387,1.187732,0.001587,0.000215,0.080373,spechmmer,L1d_assoc_4,1.187917,1.0001557590432857,64,32,2,64,4,2,8,104,3.59803,6.08826,0.825522,0.0046475,0.373983,7.0038,0.00472789,0.000571604,0.00223786,0.37622086,13.09206,5.8501811783500655
0.059384,1.187679,0.001629,0.000215,0.078285,spechmmer,L1d_assoc_8,1.187917,1.0002003908463482,64,32,2,64,8,2,8,105,3.84194,6.38891,0.846024,0.00480872,0.455551,7.0038,0.00472789,0.000571604,0.00230336,0.45785435999999996,13.392710000000001,7.282741527546438
0.059432,1.188644,0.001637,0.000578,0.07141,spechmmer,L1i_16kB,1.187917,0.9993883786903396,64,16,2,64,2,2,8,106,3.84674,7.17051,1.09074,0.00724313,0.378496,7.0038,0.00472789,0.000571604,0.00246614,0.38096214,14.17431,6.418529578903681
0.059384,1.187688,0.001638,8.7e-05,0.080478,spechmmer,L1i_64kB,1.187917,1.0001928115801455,64,64,2,64,2,2,8,107,4.865,9.61665,1.49924,0.0109133,0.37877,7.0038,0.00472789,0.000571604,0.00226079,0.38103079,16.620449999999998,7.521513128266313
0.065852,1.317035,0.001638,0.034157,0.008467,spechmmer,L1i_assoc_1,1.187917,0.9019631217089902,64,32,2,64,2,1,8,108,3.83552,7.19162,1.09768,0.0072586,0.344127,7.0038,0.00472789,0.000571604,0.0142233,0.3583503,14.19542,6.699668824234989
0.059389,1.187777,0.001638,0.000142,0.079268,spechmmer,L1i_assoc_4,1.187917,1.0001178672427566,64,32,2,64,2,4,8,109,4.2711,7.98819,1.17653,0.00798406,0.378751,7.0038,0.00472789,0.000571604,0.00228691,0.38103791,14.991990000000001,6.785195753985386
0.059385,1.18771,0.001638,9e-05,0.080362,spechmmer,L1i_assoc_8,1.187917,1.0001742849685529,64,32,2,64,2,8,8,110,4.62657,8.8343,1.2204,0.00831435,0.378767,7.0038,0.00472789,0.000571604,0.00226618,0.38103318,15.8381,7.167641726425339
0.059396,1.187917,0.001637,0.000221,0.07776,spechmmer,L2_1MB,1.187917,1.0,64,32,1,64,2,2,8,111,3.75956,7.22483,1.098,0.00726281,0.378698,4.1658,0.00278925,0.000397114,0.00172485,0.38042285,11.39063,5.147548382097837
0.059399,1.187974,0.001637,0.000221,0.07776,spechmmer,L2_4MB,1.187917,0.999952019151934,64,32,4,64,2,2,8,112,3.99078,7.22483,1.098,0.00726281,0.378682,13.3224,0.00910636,0.00110378,0.0030039,0.3816859,20.54723,9.316790607080366
0.059396,1.187917,0.001637,0.000221,0.07776,spechmmer,L2_assoc_16,1.187917,1.0,64,32,2,64,2,2,16,113,3.86691,7.22483,1.098,0.00726281,0.378698,7.67752,0.00494005,0.000605182,0.00233001,0.38102801,14.90235,6.745245472950836
0.059396,1.187917,0.001637,0.000221,0.07776,spechmmer,L2_assoc_2,1.187917,1.0,64,32,2,64,2,2,2,114,3.86492,7.22483,1.098,0.00726281,0.378698,7.69091,0.00465773,0.000566123,0.00230283,0.38100082999999996,14.91574,6.7508245907627025
0.059397,1.187945,0.001637,0.000221,0.077759,spechmmer,L2_assoc_32,1.187917,0.9999764298852218,64,32,2,64,2,2,32,115,3.87177,7.22483,1.098,0.00726281,0.37869,7.72645,0.00527753,0.000654024,0.00238511,0.38107511000000005,14.95128,6.768388710884387
0.059396,1.187917,0.001637,0.000221,0.07776,spechmmer,L2_assoc_4,1.187917,1.0,64,32,2,64,2,2,4,116,3.86503,7.22483,1.098,0.00726281,0.378698,7.68591,0.0046776,0.000568258,0.00230539,0.38100339,14.91074,6.748606948514961
0.059397,1.187946,0.001637,0.000221,0.077759,spechmmer,L2_assoc_64,1.187917,0.999975588115958,64,32,2,64,2,2,64,117,3.88963,7.22483,1.098,0.00726281,0.37869,7.72423,0.00570646,0.000714457,0.00262819,0.38131819,14.94906,6.771706200845787
0.058865,1.177306,0.000216,4.3e-05,0.183369,spechmmer,cl_256_L2_4MB_L1i_64kB_L1d_128kB_L2_assoc_16_L1d_assoc_4_L1i_assoc_16,1.187917,1.0090129499042728,128,64,4,256,4,16,16,87,48.7231,69.3741,4.20938,0.0261531,2.07131,83.6797,0.0428605,0.00939029,0.00385997,2.07516997,153.0538,373.92727799627596
0.058869,1.177387,0.000216,5e-05,0.181544,spechmmer,cl_256_L2_4MB_L1i_64kB_L1d_128kB_L2_assoc_16_L1d_assoc_4_L1i_assoc_4,1.187917,1.008943533434631,128,64,4,256,4,4,16,88,32.6443,37.14,2.92846,0.0186976,2.07111,83.6797,0.0428605,0.00939029,0.00389151,2.07500151,120.8197,295.1721688569241
0.058865,1.177306,0.000216,4.4e-05,0.1831,spechmmer,cl_256_L2_4MB_L1i_64kB_L1d_128kB_L2_assoc_16_L1d_assoc_4_L1i_assoc_8,1.187917,1.0090129499042728,128,64,4,256,4,8,16,89,37.1858,46.1337,3.31797,0.0211603,2.07124,83.6797,0.0428605,0.00939029,0.00386433,2.07510433,129.8134,317.1383912671101
0.058855,1.177095,0.000177,4.4e-05,0.227152,spechmmer,cl_256_L2_4MB_L1i_64kB_L1d_128kB_L2_assoc_16_L1d_assoc_8_L1i_assoc_8,1.187917,1.0091938203798334,128,64,4,256,8,8,16,90,41.2294,56.9064,3.71281,0.0237037,3.89309,83.6797,0.0428605,0.00939029,0.00298948,3.89607948,140.5861,644.7356818029008
0.129065,2.581299,0.030487,0.000112,0.999799,speclibm,Cacheline_128,3.493415,1.3533554229866436,64,32,2,128,2,2,8,120,9.22886,11.0402,1.18338,0.00728232,0.326844,38.4333,0.0163995,0.00351474,0.0368559,0.3636999,49.4735,46.44662163243345
0.490062,9.801234,0.243877,7.5e-05,0.99999,speclibm,Cacheline_16,3.493415,0.3564260377825894,64,32,2,16,2,2,8,121,1.56443,3.72356,0.6174,0.00318253,0.0157806,7.43189,0.00488826,0.000477109,0.00590411,0.02168471,11.15545,2.370944949990641
0.099532,1.990648,0.015244,0.000134,0.999474,speclibm,Cacheline_256,3.493415,1.754913475411022,64,32,2,256,2,2,8,122,27.2066,26.8722,2.38722,0.0150925,0.792417,63.5151,0.0342731,0.0079159,0.0683118,0.8607288000000001,90.3873,154.87032872690483
0.280391,5.607827,0.12194,8.5e-05,0.999979,speclibm,Cacheline_32,3.493415,0.6229534184988231,64,32,2,32,2,2,8,123,2.22593,5.13381,0.793678,0.00471982,0.0518124,6.37949,0.00445064,0.000433207,0.00761172,0.059424120000000004,11.513300000000001,3.836694217208271
0.129065,2.581299,0.030487,0.000112,0.999799,speclibm,cl_128_L1d_128kB,3.493415,1.3533554229866436,128,32,2,128,2,2,8,124,10.2015,13.5223,1.31776,0.00809194,0.555511,38.4333,0.0163995,0.00351474,0.0368306,0.5923416,51.955600000000004,79.44067246777642
0.129064,2.58128,0.030486,0.000112,0.99979,speclibm,cl_128_L1d_32kB,3.493415,1.3533653846153846,32,32,2,128,2,2,8,125,8.66801,9.69887,1.08309,0.00656314,0.202346,38.4333,0.0163995,0.00351474,0.0368688,0.2392148,48.13217,29.72067057099703
0.129921,2.598416,0.031778,0.000112,0.944482,speclibm,cl_128_L1d_assoc_1,3.493415,1.3444402282005654,64,32,2,128,1,2,8,126,9.12162,11.0702,1.17179,0.00717618,0.300153,38.4333,0.0163995,0.00351474,0.039386,0.339539,49.5035,43.675134648583786
0.129065,2.581299,0.030487,0.000112,0.9998,speclibm,cl_128_L1d_assoc_4,3.493415,1.3533554229866436,64,32,2,128,4,2,8,127,9.2739,10.9906,1.18301,0.00727913,0.338041,38.4333,0.0163995,0.00351474,0.0368559,0.3748969,49.4239,47.82854558954559
0.129066,2.581318,0.030487,0.000141,0.999631,speclibm,cl_128_L1i_16kB,3.493415,1.3533454615045493,64,16,2,128,2,2,8,128,9.24102,10.9317,1.17789,0.00728014,0.326843,38.4333,0.0163995,0.00351474,0.0368654,0.3637084,49.365,46.346184113368786
0.129063,2.581262,0.030486,9e-05,0.999923,speclibm,cl_128_L1i_64kB,3.493415,1.3533748220831516,64,64,2,128,2,2,8,129,9.91251,12.2597,1.28367,0.0080015,0.326849,38.4333,0.0163995,0.00351474,0.0368489,0.3636979,50.693000000000005,47.590566538633624
0.129066,2.581324,0.030487,0.000146,0.999604,speclibm,cl_128_L1i_assoc_1,3.493415,1.3533423158038278,64,32,2,128,2,1,8,130,8.61201,9.80396,1.05873,0.00615084,0.326841,38.4333,0.0163995,0.00351474,0.0368648,0.36370579999999997,48.237260000000006,45.287190277037894
0.129064,2.581284,0.030487,9.5e-05,0.999894,speclibm,cl_128_L1i_assoc_4,3.493415,1.3533632874181996,64,32,2,128,2,4,8,131,9.93679,12.3288,1.26996,0.00797365,0.326846,38.4333,0.0163995,0.00351474,0.0368514,0.3636974,50.762100000000004,47.655778238657696
0.12918,2.583607,0.030487,0.000112,0.999799,speclibm,cl_128_L2_1MB,3.493415,1.352146437132273,64,32,1,128,2,2,8,132,8.79613,11.0402,1.18338,0.00728232,0.326552,18.4409,0.00982759,0.00213695,0.0304593,0.35701130000000003,29.481099999999998,27.192685442601405
0.128833,2.576667,0.030487,0.000112,0.999799,speclibm,cl_128_L2_4MB,3.493415,1.3557883110235045,64,32,4,128,2,2,8,133,8.5607,11.0402,1.18338,0.00728232,0.327431,17.2367,0.011754,0.00179701,0.0255992,0.3530302,28.276899999999998,25.721835124265688
0.129065,2.581299,0.030487,0.000112,0.999799,speclibm,cl_128_L2_assoc_16,3.493415,1.3533554229866436,64,32,2,128,2,2,16,134,8.30677,11.0402,1.18338,0.00728232,0.326844,9.55784,0.00636927,0.000960741,0.021891,0.348735,20.59804,18.542135348317743
0.129065,2.581299,0.030487,0.000112,0.999799,speclibm,cl_128_L2_assoc_4,3.493415,1.3533554229866436,64,32,2,128,2,2,4,135,9.22489,11.0402,1.18338,0.00728232,0.326844,38.5022,0.0163047,0.00350145,0.0365611,0.36340510000000004,49.5424,46.473606076812494
0.099532,1.990648,0.015244,0.000134,0.999482,speclibm,cl_256_L1d_128kB,3.493415,1.754913475411022,128,32,2,256,2,2,8,136,28.9135,31.5755,2.62763,0.016631,1.30613,63.5151,0.0342731,0.0079159,0.0682635,1.3743935,95.0906,260.1615744295421
0.099532,1.990648,0.015245,0.000135,0.999442,speclibm,cl_256_L1d_32kB,3.493415,1.754913475411022,32,32,2,256,2,2,8,137,27.1833,26.7476,2.38038,0.0151099,0.790878,63.5151,0.0342731,0.0079159,0.0683381,0.8592160999999999,90.2627,154.3850342352103
0.101782,2.035647,0.017954,0.000134,0.804798,speclibm,cl_256_L1d_assoc_1,3.493415,1.7161202310616723,64,32,2,256,1,2,8,138,27.1092,26.9365,2.38747,0.0150925,0.750379,63.5151,0.0342731,0.0079159,0.0867614,0.8371404,90.4516,154.1405925959696
0.099532,1.990648,0.015244,0.000134,0.999484,speclibm,cl_256_L1d_assoc_4,3.493415,1.754913475411022,64,32,2,256,4,2,8,139,29.3357,32.4329,2.64543,0.0169011,1.44775,63.5151,0.0342731,0.0079159,0.0683104,1.5160604000000002,95.948,289.56555688599997
0.099532,1.990648,0.015244,0.000172,0.999171,speclibm,cl_256_L1i_16kB,3.493415,1.754913475411022,64,16,2,256,2,2,8,140,27.3978,27.1127,2.39875,0.0152076,0.792423,63.5151,0.0342731,0.0079159,0.0683373,0.8607603,90.6278,155.2880862198976
0.09953,1.990606,0.015244,9e-05,0.999833,speclibm,cl_256_L1i_64kB,3.493415,1.7549505025102907,64,64,2,256,2,2,8,141,27.1344,26.9855,2.39407,0.0150751,0.792428,63.5151,0.0342731,0.0079159,0.0682847,0.8607127,90.50059999999999,155.05828577702505
0.099538,1.990761,0.015244,0.000207,0.998889,speclibm,cl_256_L1i_assoc_1,3.493415,1.7548138626384584,64,32,2,256,2,1,8,142,25.7949,24.3346,2.21481,0.0137089,0.792378,63.5151,0.0342731,0.0079159,0.06835,0.860728,87.8497,150.5307889814826
0.099532,1.990648,0.015244,0.000114,0.999637,speclibm,cl_256_L1i_assoc_4,3.493415,1.754913475411022,64,32,2,256,2,4,8,143,30.1346,32.5264,2.66855,0.0170367,0.792419,63.5151,0.0342731,0.0079159,0.0683003,0.8607193,96.0415,164.5564643480683
0.099563,1.991266,0.015244,0.000134,0.999474,speclibm,cl_256_L2_1MB,3.493415,1.7543688286748231,64,32,1,256,2,2,8,144,26.4747,26.8722,2.38722,0.0150925,0.792172,41.012,0.0246282,0.00569725,0.0615042,0.8536762,67.88419999999999,115.39610665850398
0.099465,1.989307,0.015244,0.000134,0.999474,speclibm,cl_256_L2_4MB,3.493415,1.7560964697756556,64,32,4,256,2,2,8,145,27.8819,26.8722,2.38722,0.0150925,0.792952,83.7665,0.0426703,0.00936352,0.0766257,0.8695777,110.6387,191.38913029144015
0.099532,1.990648,0.015244,0.000134,0.999474,speclibm,cl_256_L2_assoc_16,3.493415,1.754913475411022,64,32,2,256,2,2,16,150,27.2228,26.8722,2.38722,0.0150925,0.792417,63.4759,0.034368,0.00792922,0.069105,0.861522,90.3481,154.9458211538417
0.099532,1.990648,0.015244,0.000134,0.999474,speclibm,cl_256_L2_assoc_4,3.493415,1.754913475411022,64,32,2,256,2,2,4,151,27.2025,26.8722,2.38722,0.0150925,0.792417,63.5544,0.0342259,0.00790933,0.0681159,0.8605329,90.42660000000001,154.9024021886178
0.174671,3.493415,0.060972,9.4e-05,0.999944,speclibm,default,3.493415,1.0,64,32,2,64,2,2,8,153,3.86567,7.22483,1.098,0.00726281,0.15127,7.0038,0.00472789,0.000571604,0.0121267,0.16339669999999998,14.228629999999999,8.121879616153674
0.174671,3.493423,0.06097,9.4e-05,0.999944,speclibm,L1d_128kB,3.493415,0.9999977099824442,128,32,2,64,2,2,8,154,4.36266,9.87973,1.38119,0.00969175,0.195276,7.0038,0.00472789,0.000571604,0.0121181,0.2073941,16.88353,12.232376123868669
0.174671,3.493415,0.060972,8.8e-05,0.999967,speclibm,L1d_128kB_L1i_64kB,3.493415,1.0,128,64,2,64,2,2,8,155,5.36199,12.2715,1.78243,0.0133423,0.195277,7.0038,0.00472789,0.000571604,0.0121179,0.2073949,19.2753,13.965272017033339
0.175298,3.505956,0.060972,8.8e-05,0.999967,speclibm,L1d_128kB_L1i_64kB_L2_1MB,3.493415,0.9964229442696942,128,64,1,64,2,2,8,156,5.25587,12.2715,1.78243,0.0133423,0.194579,4.1658,0.00278925,0.000397114,0.00968722,0.20426622,16.4373,11.771545760102963
0.175298,3.505956,0.060972,8.8e-05,0.999967,speclibm,L1d_128kB_L1i_64kB_L2_1MB_L2_assoc_16,3.493415,0.9964229442696942,128,64,1,64,2,2,16,157,5.25771,12.2715,1.78243,0.0133423,0.194579,4.223,0.00292562,0.000418879,0.00983632,0.20441532,16.4945,11.821131750010627
0.175298,3.505956,0.060972,8.8e-05,0.999968,speclibm,L1d_128kB_L1i_64kB_L2_1MB_L2_assoc_16_L1d_assoc_4,3.493415,0.9964229442696942,128,64,1,64,4,2,16,158,5.03794,13.3903,1.52885,0.010704,0.202181,4.223,0.00292562,0.000418879,0.00983632,0.21201732,17.6133,13.092377955934992
0.174479,3.489571,0.060972,8.8e-05,0.999967,speclibm,L1d_128kB_L1i_64kB_L2_4MB,3.493415,1.0011015680724078,128,64,4,64,2,2,8,159,5.4871,12.2715,1.78243,0.0133423,0.195492,13.3224,0.00910636,0.00110378,0.0148579,0.2103499,25.593899999999998,18.786713730301795
0.174479,3.489571,0.060972,8.8e-05,0.999967,speclibm,L1d_128kB_L1i_64kB_L2_4MB_L2_assoc_16,3.493415,1.0011015680724078,128,64,4,64,2,2,16,160,5.489,12.2715,1.78243,0.0133423,0.195492,13.1532,0.00921368,0.00112022,0.0150554,0.2105474,25.4247,18.680038156099947
0.174479,3.489571,0.060972,8.8e-05,0.999968,speclibm,L1d_128kB_L1i_64kB_L2_4MB_L2_assoc_16_L1d_assoc_4,3.493415,1.0011015680724078,128,64,4,64,4,2,16,161,5.26923,13.3903,1.52885,0.010704,0.203131,13.1532,0.00921368,0.00112022,0.0150554,0.2181864,26.5435,20.2096086485421
0.174691,3.493825,0.060972,9.4e-05,0.999942,speclibm,L1d_32kB,3.493415,0.9998826501041124,32,32,2,64,2,2,8,162,2.98366,4.59384,0.696764,0.0036123,0.0517381,7.0038,0.00472789,0.000571604,0.0121295,0.0638676,11.59764,2.587923108178535
0.175516,3.510325,0.061561,9.4e-05,0.986457,speclibm,L1d_assoc_1,3.493415,0.9951827822210196,64,32,2,64,1,2,8,163,3.86087,7.18505,1.09577,0.00724961,0.15008,7.0038,0.00472789,0.000571604,0.0122661,0.1623461,14.18885,8.08604929700717
0.174671,3.493415,0.060972,9.4e-05,0.999945,speclibm,L1d_assoc_4,3.493415,1.0,64,32,2,64,4,2,8,164,3.59803,6.08826,0.825522,0.0046475,0.152469,7.0038,0.00472789,0.000571604,0.0121267,0.16459569999999998,13.09206,7.527948735199764
0.174671,3.493415,0.060972,9.4e-05,0.999945,speclibm,L1d_assoc_8,3.493415,1.0,64,32,2,64,8,2,8,165,3.84194,6.38891,0.846024,0.00480872,0.197623,7.0038,0.00472789,0.000571604,0.0121267,0.20974969999999998,13.392710000000001,9.813411131587136
0.174653,3.49305,0.060966,0.000113,0.999866,speclibm,L1i_16kB,3.493415,1.0001044932079417,64,16,2,64,2,2,8,166,3.84674,7.17051,1.09074,0.00724313,0.151286,7.0038,0.00472789,0.000571604,0.0121284,0.16341440000000002,14.17431,8.090904083993756
0.17467,3.493408,0.060971,8.8e-05,0.999967,speclibm,L1i_64kB,3.493415,1.0000020037739652,64,64,2,64,2,2,8,167,4.865,9.61665,1.49924,0.0109133,0.151271,7.0038,0.00472789,0.000571604,0.0121261,0.1633971,16.620449999999998,9.487164543316556
0.174648,3.492952,0.060972,0.000122,0.99983,speclibm,L1i_assoc_1,3.493415,1.0001325526374254,64,32,2,64,2,1,8,168,3.83552,7.19162,1.09768,0.0072586,0.15129,7.0038,0.00472789,0.000571604,0.0121299,0.1634199,14.19542,8.102999359107386
0.174665,3.493293,0.060972,8.7e-05,0.999973,speclibm,L1i_assoc_4,3.493415,1.0000349240673485,64,32,2,64,2,4,8,169,4.2711,7.98819,1.17653,0.00798406,0.151276,7.0038,0.00472789,0.000571604,0.0121265,0.1634025,14.991990000000001,8.557619930883947
0.174665,3.493293,0.060972,8.5e-05,0.999978,speclibm,L1i_assoc_8,3.493415,1.0000349240673485,64,32,2,64,2,8,8,170,4.62657,8.8343,1.2204,0.00831435,0.151277,7.0038,0.00472789,0.000571604,0.0121263,0.1634033,15.8381,9.04063461877197
0.174772,3.495444,0.060972,9.4e-05,0.999944,speclibm,L2_1MB,3.493415,0.9994195301083354,64,32,1,64,2,2,8,171,3.75956,7.22483,1.098,0.00726281,0.151182,4.1658,0.00278925,0.000397114,0.00972337,0.16090537000000002,11.39063,6.406497072926834
0.174482,3.489639,0.060972,9.4e-05,0.999944,speclibm,L2_4MB,3.493415,1.0010820603506552,64,32,4,64,2,2,8,172,3.99078,7.22483,1.098,0.00726281,0.151434,13.3224,0.00910636,0.00110378,0.0148685,0.16630250000000002,20.54723,11.924290895477887
0.174671,3.493415,0.060972,9.4e-05,0.999944,speclibm,L2_assoc_16,3.493415,1.0,64,32,2,64,2,2,16,173,3.86691,7.22483,1.098,0.00726281,0.15127,7.67752,0.00494005,0.000605182,0.0122057,0.1634757,14.90235,8.510560149367862
0.174671,3.493415,0.060972,9.4e-05,0.999944,speclibm,L2_assoc_2,3.493415,1.0,64,32,2,64,2,2,2,174,3.86492,7.22483,1.098,0.00726281,0.15127,7.69091,0.00465773,0.000566123,0.0119955,0.16326549999999998,14.91574,8.507254159838032
0.17469,3.493799,0.060971,9.4e-05,0.999944,speclibm,L2_assoc_32,3.493415,0.9998900909869172,64,32,2,64,2,2,32,175,3.87177,7.22483,1.098,0.00726281,0.151253,7.72645,0.00527753,0.000654024,0.0126271,0.1638801,14.95128,8.560566618109265
0.174671,3.493414,0.060972,9.4e-05,0.999944,speclibm,L2_assoc_4,3.493415,1.000000286252932,64,32,2,64,2,2,4,176,3.86503,7.22483,1.098,0.00726281,0.15127,7.68591,0.0046776,0.000568258,0.0120155,0.1632855,14.91074,8.505441742452527
0.174671,3.493415,0.060972,9.4e-05,0.999944,speclibm,L2_assoc_64,3.493415,1.0,64,32,2,64,2,2,64,177,3.88963,7.22483,1.098,0.00726281,0.15127,7.72423,0.00570646,0.000714457,0.0145005,0.1657705,14.94906,8.657077652457442
0.099465,1.989308,0.015244,8e-05,0.999922,speclibm,cl_256_L2_4MB_L1i_64kB_L1d_128kB_L2_assoc_16_L1d_assoc_4_L1i_assoc_16,3.493415,1.7560955870081456,128,64,4,256,4,16,16,146,48.7231,69.3741,4.20938,0.0261531,1.45048,83.6797,0.0428605,0.00939029,0.0773146,1.5277946,153.0538,465.1693769472137
0.099465,1.989308,0.015244,8.9e-05,0.999852,speclibm,cl_256_L2_4MB_L1i_64kB_L1d_128kB_L2_assoc_16_L1d_assoc_4_L1i_assoc_4,3.493415,1.7560955870081456,128,64,4,256,4,4,16,147,32.6443,37.14,2.92846,0.0186976,1.45046,83.6797,0.0428605,0.00939029,0.0773243,1.5277843,120.8197,367.19928335648575
0.099465,1.989308,0.015244,8.1e-05,0.999914,speclibm,cl_256_L2_4MB_L1i_64kB_L1d_128kB_L2_assoc_16_L1d_assoc_4_L1i_assoc_8,3.493415,1.7560955870081456,128,64,4,256,4,8,16,148,37.1858,46.1337,3.31797,0.0211603,1.45047,83.6797,0.0428605,0.00939029,0.0773162,1.5277862,129.8134,394.53372861141145
0.099465,1.989308,0.015244,8.1e-05,0.999914,speclibm,cl_256_L2_4MB_L1i_64kB_L1d_128kB_L2_assoc_16_L1d_assoc_8_L1i_assoc_8,3.493415,1.7560955870081456,128,64,4,256,8,8,16,149,41.2294,56.9064,3.71281,0.0237037,2.71252,83.6797,0.0428605,0.00939029,0.0773162,2.7898362,140.5861,780.230849247502
0.066527,1.330534,0.001384,0.035212,0.020416,specmcf,Cacheline_128,1.299095,0.9763711412109723,64,32,2,128,2,2,8,180,9.22886,11.0402,1.18338,0.00728232,0.47581,38.4333,0.0163995,0.00351474,0.113012,0.588822,49.4735,38.75989933811588
0.071726,1.434514,0.004613,0.014546,0.208407,specmcf,Cacheline_16,1.299095,0.905599387667182,64,32,2,16,2,2,8,181,1.56443,3.72356,0.6174,0.00318253,0.0959871,7.43189,0.00488826,0.000477109,0.00506743,0.10105453,11.15545,1.617140193792247
0.064922,1.298444,0.001172,0.032583,0.011487,specmcf,Cacheline_256,1.299095,1.000501369331292,64,32,2,256,2,2,8,182,27.2066,26.8722,2.38722,0.0150925,0.933403,63.5151,0.0342731,0.0079159,0.243493,1.176896,90.3873,138.1238656080068
0.063004,1.260085,0.003208,0.013171,0.159189,specmcf,Cacheline_32,1.299095,1.0309582290083608,64,32,2,32,2,2,8,183,2.22593,5.13381,0.793678,0.00471982,0.180799,6.37949,0.00445064,0.000433207,0.00630391,0.18710290999999998,11.513300000000001,2.7144397410801444
0.066483,1.329652,0.00118,0.035247,0.02051,specmcf,cl_128_L1d_128kB,1.299095,0.9770187989037734,128,32,2,128,2,2,8,184,10.2015,13.5223,1.31776,0.00809194,0.788414,38.4333,0.0163995,0.00351474,0.112438,0.900852,51.955600000000004,62.23343930914842
0.066601,1.332011,0.001858,0.035157,0.020204,specmcf,cl_128_L1d_32kB,1.299095,0.9752884923623004,32,32,2,128,2,2,8,185,8.66801,9.69887,1.08309,0.00656314,0.30821,38.4333,0.0163995,0.00351474,0.114245,0.42245499999999997,48.13217,27.084679939064852
0.066766,1.335325,0.002302,0.035155,0.019912,specmcf,cl_128_L1d_assoc_1,1.299095,0.9728680283826034,64,32,2,128,1,2,8,186,9.12162,11.0702,1.17179,0.00717618,0.436718,38.4333,0.0163995,0.00351474,0.115191,0.551909,49.5035,36.48298475113649
0.0665,1.329997,0.001246,0.035234,0.020478,specmcf,cl_128_L1d_assoc_4,1.299095,0.9767653611248748,64,32,2,128,4,2,8,187,9.2739,10.9906,1.18301,0.00727913,0.496118,38.4333,0.0163995,0.00351474,0.112648,0.608766,49.4239,40.01640431407228
0.071676,1.433521,0.001384,0.053401,0.013747,specmcf,cl_128_L1i_16kB,1.299095,0.906226696365104,64,16,2,128,2,2,8,188,9.24102,10.9317,1.17789,0.00728014,0.449684,38.4333,0.0163995,0.00351474,0.153698,0.603382,49.365,42.69878831340603
0.056238,1.124752,0.001384,2e-05,0.529311,specmcf,cl_128_L1i_64kB,1.299095,1.1550057257066448,64,64,2,128,2,2,8,189,9.91251,12.2597,1.28367,0.0080015,0.540905,38.4333,0.0163995,0.00351474,0.00493119,0.5458361899999999,50.693000000000005,31.121971048781795
0.066554,1.331076,0.001384,0.039459,0.018317,specmcf,cl_128_L1i_assoc_1,1.299095,0.9759735732595284,64,32,2,128,2,1,8,190,8.61201,9.80396,1.05873,0.00615084,0.472405,38.4333,0.0163995,0.00351474,0.12356,0.5959650000000001,48.237260000000006,38.265398357620754
0.056241,1.124828,0.001384,2.4e-05,0.52776,specmcf,cl_128_L1i_assoc_4,1.299095,1.1549276867218812,64,32,2,128,2,4,8,191,9.93679,12.3288,1.26996,0.00797365,0.540873,38.4333,0.0163995,0.00351474,0.00495221,0.5458252100000001,50.762100000000004,31.165872484879113
0.066747,1.334943,0.001384,0.035228,0.022876,specmcf,cl_128_L2_1MB,1.299095,0.9731464189856796,64,32,1,128,2,2,8,192,8.79613,11.0402,1.18338,0.00728232,0.474247,18.4409,0.00982759,0.00213695,0.0814252,0.5556722,29.481099999999998,21.868806209207058
0.066505,1.330106,0.001384,0.035205,0.020211,specmcf,cl_128_L2_4MB,1.299095,0.9766853168093372,64,32,4,128,2,2,8,193,8.5607,11.0402,1.18338,0.00728232,0.475959,17.2367,0.011754,0.00179701,0.0625505,0.5385095,28.276899999999998,20.254028545335235
0.066528,1.330561,0.001384,0.035209,0.020446,specmcf,cl_128_L2_assoc_16,1.299095,0.9763513284997832,64,32,2,128,2,2,16,194,8.30677,11.0402,1.18338,0.00728232,0.475798,9.55784,0.00636927,0.000960741,0.0443919,0.5201899,20.59804,14.256817903787015
0.066529,1.330574,0.001384,0.03521,0.020442,specmcf,cl_128_L2_assoc_4,1.299095,0.9763417893330248,64,32,2,128,2,2,4,195,9.22489,11.0402,1.18338,0.00728232,0.475794,38.5022,0.0163047,0.00350145,0.112593,0.588387,49.5424,38.78637062446245
0.064826,1.296513,0.000806,0.032583,0.01163,specmcf,cl_256_L1d_128kB,1.299095,1.0019914956502558,128,32,2,256,2,2,8,196,28.9135,31.5755,2.62763,0.016631,1.47537,63.5151,0.0342731,0.0079159,0.239835,1.715205,95.0906,211.46110508923792
0.065183,1.303668,0.00209,0.032582,0.011154,specmcf,cl_256_L1d_32kB,1.299095,0.9964922050706162,32,32,2,256,2,2,8,197,27.1833,26.7476,2.38038,0.0151099,0.917228,63.5151,0.0342731,0.0079159,0.250807,1.1680350000000002,90.2627,137.44570784642025
0.065368,1.307368,0.002538,0.032574,0.011002,specmcf,cl_256_L1d_assoc_1,1.299095,0.9936720188959804,64,32,2,256,1,2,8,198,27.1092,26.9365,2.38747,0.0150925,0.884927,63.5151,0.0342731,0.0079159,0.252583,1.13751,90.4516,134.5145699400339
0.064866,1.297318,0.000921,0.032583,0.011584,specmcf,cl_256_L1d_assoc_4,1.299095,1.0013697489744229,64,32,2,256,4,2,8,199,29.3357,32.4329,2.64543,0.0169011,1.63843,63.5151,0.0342731,0.0079159,0.241306,1.879736,95.948,233.98026541450952
0.074207,1.484133,0.001172,0.063935,0.006018,specmcf,cl_256_L1i_16kB,1.299095,0.8753224946820805,64,16,2,256,2,2,8,200,27.3978,27.1127,2.39875,0.0152076,0.868619,63.5151,0.0342731,0.0079159,0.410299,1.278918,90.6278,172.01921411986137
0.055531,1.110613,0.001172,2.7e-05,0.292734,specmcf,cl_256_L1i_64kB,1.299095,1.1697098809396254,64,64,2,256,2,2,8,201,27.1344,26.9855,2.39407,0.0150751,1.0184,63.5151,0.0342731,0.0079159,0.0135434,1.0319434,90.50059999999999,103.7218105088833
0.06585,1.317007,0.001172,0.03731,0.010092,specmcf,cl_256_L1i_assoc_1,1.299095,0.9863994648471875,64,32,2,256,2,1,8,202,25.7949,24.3346,2.21481,0.0137089,0.918981,63.5151,0.0342731,0.0079159,0.268217,1.187198,87.8497,137.35722944608716
0.058593,1.171854,0.001172,0.011248,0.030815,specmcf,cl_256_L1i_assoc_4,1.299095,1.108580932436976,64,32,2,256,2,4,8,203,30.1346,32.5264,2.66855,0.0170367,0.996528,63.5151,0.0342731,0.0079159,0.106257,1.102785,96.0415,124.11471986049565
0.06508,1.3016,0.001172,0.032583,0.013313,specmcf,cl_256_L2_1MB,1.299095,0.9980754456054088,64,32,1,256,2,2,8,204,26.4747,26.8722,2.38722,0.0150925,0.93114,41.012,0.0246282,0.00569725,0.196853,1.127993,67.88419999999999,99.66728977763695
0.064914,1.298288,0.001172,0.032583,0.011384,specmcf,cl_256_L2_4MB,1.299095,1.000621587814106,64,32,4,256,2,2,8,205,27.8819,26.8722,2.38722,0.0150925,0.933515,83.7665,0.0426703,0.00936352,0.28894,1.222455,110.6387,175.5945321866515
0.064923,1.298463,0.001172,0.032583,0.011502,specmcf,cl_256_L2_assoc_16,1.299095,1.0004867293099613,64,32,2,256,2,2,16,210,27.2228,26.8722,2.38722,0.0150925,0.933389,63.4759,0.034368,0.00792922,0.244897,1.178286,90.3481,138.2290490431949
0.064924,1.298477,0.001172,0.032583,0.011496,specmcf,cl_256_L2_assoc_4,1.299095,1.0004759421999774,64,32,2,256,2,2,4,211,27.2025,26.8722,2.38722,0.0150925,0.933379,63.5544,0.0342259,0.00790933,0.243138,1.176517,90.42660000000001,138.14293221569224
0.064955,1.299095,0.002108,0.023612,0.055046,specmcf,default,1.299095,1.0,64,32,2,64,2,2,8,212,3.86567,7.22483,1.098,0.00726281,0.305902,7.0038,0.00472789,0.000571604,0.0158793,0.3217813,14.228629999999999,5.947915627316649
0.064926,1.298527,0.001932,0.023611,0.055391,specmcf,L1d_128kB,1.299095,1.0004374187059646,128,32,2,64,2,2,8,213,4.36266,9.87973,1.38119,0.00969175,0.388965,7.0038,0.00472789,0.000571604,0.0157556,0.4047206,16.88353,8.872980934680399
0.057759,1.155171,0.001932,1.8e-05,0.776058,specmcf,L1d_128kB_L1i_64kB,1.299095,1.1245910778577373,128,64,2,64,2,2,8,214,5.36199,12.2715,1.78243,0.0133423,0.433888,7.0038,0.00472789,0.000571604,0.0012996,0.4351876,19.2753,9.690003547487816
0.057987,1.159743,0.001932,1.8e-05,0.837071,specmcf,L1d_128kB_L1i_64kB_L2_1MB,1.299095,1.120157655618529,128,64,1,64,2,2,8,215,5.25587,12.2715,1.78243,0.0133423,0.432178,4.1658,0.00278925,0.000397114,0.000991473,0.433169473,16.4373,8.25752855600908
0.057987,1.159741,0.001932,1.8e-05,0.837149,specmcf,L1d_128kB_L1i_64kB_L2_1MB_L2_assoc_16,1.299095,1.1201595873561427,128,64,1,64,2,2,16,216,5.25771,12.2715,1.78243,0.0133423,0.432179,4.223,0.00292562,0.000418879,0.00100592,0.43318492,16.4945,8.286545050326698
0.057978,1.15955,0.001877,1.8e-05,0.857904,specmcf,L1d_128kB_L1i_64kB_L2_1MB_L2_assoc_16_L1d_assoc_4,1.299095,1.120344099003924,128,64,1,64,4,2,16,217,5.03794,13.3903,1.52885,0.010704,0.448008,4.223,0.00292562,0.000418879,0.000986729,0.44899472900000004,17.6133,9.17004475245588
0.057735,1.154704,0.001932,1.8e-05,0.770179,specmcf,L1d_128kB_L1i_64kB_L2_4MB,1.299095,1.1250458992088015,128,64,4,64,2,2,8,218,5.4871,12.2715,1.78243,0.0133423,0.434064,13.3224,0.00910636,0.00110378,0.00162594,0.43568994,25.593899999999998,12.87610979504014
0.057735,1.154704,0.001932,1.8e-05,0.770179,specmcf,L1d_128kB_L1i_64kB_L2_4MB_L2_assoc_16,1.299095,1.1250458992088015,128,64,4,64,2,2,16,219,5.489,12.2715,1.78243,0.0133423,0.434064,13.1532,0.00921368,0.00112022,0.00164496,0.43570896,25.4247,12.791544862785146
0.057727,1.154547,0.001877,1.8e-05,0.78931,specmcf,L1d_128kB_L1i_64kB_L2_4MB_L2_assoc_16_L1d_assoc_4,1.299095,1.1251988875290484,128,64,4,64,4,2,16,220,5.26923,13.3903,1.52885,0.010704,0.449949,13.1532,0.00921368,0.00112022,0.00160849,0.45155749,26.5435,13.838303632311503
0.064989,1.29978,0.002493,0.023612,0.054349,specmcf,L1d_32kB,1.299095,0.9994729877363864,32,32,2,64,2,2,8,221,2.98366,4.59384,0.696764,0.0036123,0.12006,7.0038,0.00472789,0.000571604,0.0160979,0.1361579,11.59764,2.052495995295182
0.065048,1.300951,0.002816,0.023609,0.053669,specmcf,L1d_assoc_1,1.299095,0.9985733513406732,64,32,2,64,1,2,8,222,3.86087,7.18505,1.09577,0.00724961,0.304558,7.0038,0.00472789,0.000571604,0.0162807,0.3208387,14.18885,5.922361112954758
0.064933,1.298668,0.00197,0.023611,0.055307,specmcf,L1d_assoc_4,1.299095,1.000328798430392,64,32,2,64,4,2,8,223,3.59803,6.08826,0.825522,0.0046475,0.311329,7.0038,0.00472789,0.000571604,0.0158097,0.3271387,13.09206,5.562090486579622
0.064931,1.298611,0.001932,0.023611,0.055376,specmcf,L1d_assoc_8,1.299095,1.0003727059142424,64,32,2,64,8,2,8,224,3.84194,6.38891,0.846024,0.00480872,0.40781,7.0038,0.00472789,0.000571604,0.0157944,0.4236044,13.392710000000001,7.367294059183429
0.070116,1.402316,0.002108,0.042936,0.031607,specmcf,L1i_16kB,1.299095,0.9263924821509562,64,16,2,64,2,2,8,225,3.84674,7.17051,1.09074,0.00724313,0.28563,7.0038,0.00472789,0.000571604,0.0255753,0.3112053,14.17431,6.185784709016972
0.05778,1.155606,0.002108,1.8e-05,0.711878,specmcf,L1i_64kB,1.299095,1.124167752676951,64,64,2,64,2,2,8,226,4.865,9.61665,1.49924,0.0109133,0.340527,7.0038,0.00472789,0.000571604,0.00143846,0.34196546,16.620449999999998,6.568025176870606
0.066777,1.335538,0.002108,0.034857,0.038453,specmcf,L1i_assoc_1,1.299095,0.9727128692706613,64,32,2,64,2,1,8,227,3.83552,7.19162,1.09768,0.0072586,0.29887,7.0038,0.00472789,0.000571604,0.022084,0.320954,14.19542,6.084813738292706
0.057773,1.15545,0.002108,1.9e-05,0.711863,specmcf,L1i_assoc_4,1.299095,1.1243195291877623,64,32,2,64,2,4,8,228,4.2711,7.98819,1.17653,0.00798406,0.340573,7.0038,0.00472789,0.000571604,0.0014396,0.3420126,14.991990000000001,5.924511500596054
0.057773,1.15545,0.002108,1.8e-05,0.711944,specmcf,L1i_assoc_8,1.299095,1.1243195291877623,64,32,2,64,2,8,8,229,4.62657,8.8343,1.2204,0.00831435,0.340574,7.0038,0.00472789,0.000571604,0.00143899,0.34201298999999996,15.8381,6.258883083313059
0.065187,1.30375,0.002108,0.023612,0.059346,specmcf,L2_1MB,1.299095,0.9964295302013424,64,32,1,64,2,2,8,230,3.75956,7.22483,1.098,0.00726281,0.30481,4.1658,0.00278925,0.000397114,0.0101578,0.3149678,11.39063,4.6774399794971275
0.064926,1.298512,0.002108,0.023612,0.054613,specmcf,L2_4MB,1.299095,1.0004489754426604,64,32,4,64,2,2,8,231,3.99078,7.22483,1.098,0.00726281,0.30604,13.3224,0.00910636,0.00110378,0.0224024,0.32844239999999997,20.54723,8.763114105594186
0.064956,1.299114,0.002108,0.023612,0.055085,specmcf,L2_assoc_16,1.299095,0.9999853746476444,64,32,2,64,2,2,16,232,3.86691,7.22483,1.098,0.00726281,0.305898,7.67752,0.00494005,0.000605182,0.0159438,0.3218418,14.90235,6.230809460253669
0.06496,1.299192,0.002108,0.023612,0.055223,specmcf,L2_assoc_2,1.299095,0.9999253382102108,64,32,2,64,2,2,2,233,3.86492,7.22483,1.098,0.00726281,0.305879,7.69091,0.00465773,0.000566123,0.0157944,0.3216734,14.91574,6.233519057696952
0.064956,1.299113,0.002108,0.023612,0.055066,specmcf,L2_assoc_32,1.299095,0.9999861443923664,64,32,2,64,2,2,32,234,3.87177,7.22483,1.098,0.00726281,0.305898,7.72645,0.00527753,0.000654024,0.0162691,0.3221671,14.95128,6.257581163624146
0.064952,1.299037,0.002108,0.023612,0.055085,specmcf,L2_assoc_4,1.299095,1.00004464845882,64,32,2,64,2,2,4,235,3.86503,7.22483,1.098,0.00726281,0.305916,7.68591,0.0046776,0.000568258,0.0158096,0.3217256,14.91074,6.231697133224856
0.064956,1.299113,0.002108,0.023612,0.055078,specmcf,L2_assoc_64,1.299095,0.9999861443923664,64,32,2,64,2,2,64,236,3.88963,7.22483,1.098,0.00726281,0.305898,7.72423,0.00570646,0.000714457,0.0176455,0.3235435,14.94906,6.283382424993824
0.055382,1.10763,0.000748,9e-06,0.469336,specmcf,cl_256_L2_4MB_L1i_64kB_L1d_128kB_L2_assoc_16_L1d_assoc_4_L1i_assoc_16,1.299095,1.1728600706011938,128,64,4,256,4,16,16,206,48.7231,69.3741,4.20938,0.0261531,1.87539,83.6797,0.0428605,0.00939029,0.00954781,1.8849378099999998,153.0538,319.547815348273
0.055382,1.10763,0.000748,9e-06,0.469183,specmcf,cl_256_L2_4MB_L1i_64kB_L1d_128kB_L2_assoc_16_L1d_assoc_4_L1i_assoc_4,1.299095,1.1728600706011938,128,64,4,256,4,4,16,207,32.6443,37.14,2.92846,0.0186976,1.87535,83.6797,0.0428605,0.00939029,0.00955504,1.88490504,120.8197,252.2446354443664
0.055382,1.10763,0.000748,9e-06,0.469314,specmcf,cl_256_L2_4MB_L1i_64kB_L1d_128kB_L2_assoc_16_L1d_assoc_4_L1i_assoc_8,1.299095,1.1728600706011938,128,64,4,256,4,8,16,208,37.1858,46.1337,3.31797,0.0211603,1.87536,83.6797,0.0428605,0.00939029,0.00955128,1.8849112799999999,129.8134,271.02237599178494
0.055373,1.10746,0.000722,9e-06,0.485436,specmcf,cl_256_L2_4MB_L1i_64kB_L1d_128kB_L2_assoc_16_L1d_assoc_8_L1i_assoc_8,1.299095,1.1730401098008054,128,64,4,256,8,8,16,209,41.2294,56.9064,3.71281,0.0237037,3.51955,83.6797,0.0428605,0.00939029,0.00923149,3.52878149,140.5861,549.4082784750553
0.339974,6.799471,0.060922,1.5e-05,0.999825,specsjeng,Cacheline_128,10.270554,1.5104930957128873,64,32,2,128,2,2,8,239,9.22886,11.0402,1.18338,0.00728232,0.237936,38.4333,0.0163995,0.00351474,0.0495139,0.28744990000000004,49.4735,96.69631487827999
1.674291,33.485823,0.487302,2.9e-05,0.999994,specsjeng,Cacheline_16,10.270554,0.3067135008149568,64,32,2,16,2,2,8,240,1.56443,3.72356,0.6174,0.00318253,0.00682025,7.43189,0.00488826,0.000477109,0.00611544,0.01293569,11.15545,4.832119550940191
0.258786,5.175719,0.030472,1.1e-05,0.999168,specsjeng,Cacheline_256,10.270554,1.984372412799072,64,32,2,256,2,2,8,241,27.2066,26.8722,2.38722,0.0150925,0.633386,63.5151,0.0342731,0.0079159,0.0930118,0.7263978,90.3873,339.8228855972785
0.882685,17.653706,0.243654,2.3e-05,0.999988,specsjeng,Cacheline_32,10.270554,0.5817789193951685,64,32,2,32,2,2,8,242,2.22593,5.13381,0.793678,0.00471982,0.0288606,6.37949,0.00445064,0.000433207,0.00855652,0.03741712,11.513300000000001,7.605119938354041
0.339968,6.799362,0.060921,1.5e-05,0.999856,specsjeng,cl_128_L1d_128kB,10.270554,1.510517310300584,128,32,2,128,2,2,8,243,10.2015,13.5223,1.31776,0.00809194,0.409761,38.4333,0.0163995,0.00351474,0.0495034,0.4592644,51.955600000000004,162.24200718629214
0.339974,6.799471,0.060926,1.5e-05,0.999686,specsjeng,cl_128_L1d_32kB,10.270554,1.5104930957128873,32,32,2,128,2,2,8,244,8.66801,9.69887,1.08309,0.00656314,0.151702,38.4333,0.0163995,0.00351474,0.0495274,0.2012294,48.13217,65.8570086041585
0.341924,6.83849,0.062028,1.5e-05,0.964868,specsjeng,cl_128_L1d_assoc_1,10.270554,1.5018745366301625,64,32,2,128,1,2,8,245,9.12162,11.0702,1.17179,0.00717618,0.207851,38.4333,0.0163995,0.00351474,0.051128,0.258979,49.5035,87.671951023201
0.339977,6.799536,0.060918,1.5e-05,0.999949,specsjeng,cl_128_L1d_assoc_4,10.270554,1.5104786561906578,64,32,2,128,4,2,8,246,9.2739,10.9906,1.18301,0.00727913,0.260808,38.4333,0.0163995,0.00351474,0.0495069,0.3103149,49.4239,104.28429723026804
0.339968,6.799362,0.060922,1.7e-05,0.999797,specsjeng,cl_128_L1i_16kB,10.270554,1.510517310300584,64,16,2,128,2,2,8,247,9.24102,10.9317,1.17789,0.00728014,0.23794,38.4333,0.0163995,0.00351474,0.0495177,0.28745770000000004,49.365,96.48532220850802
0.339969,6.79938,0.060922,1.3e-05,0.999846,specsjeng,cl_128_L1i_64kB,10.270554,1.510513311507814,64,64,2,128,2,2,8,248,9.91251,12.2597,1.28367,0.0080015,0.23794,38.4333,0.0163995,0.00351474,0.0495121,0.2874521,50.693000000000005,99.07926875427071
0.339974,6.799471,0.060922,1.6e-05,0.999807,specsjeng,cl_128_L1i_assoc_1,10.270554,1.5104930957128873,64,32,2,128,2,1,8,249,8.61201,9.80396,1.05873,0.00615084,0.237936,38.4333,0.0163995,0.00351474,0.0495153,0.2874513,48.237260000000006,94.28053400740093
0.339991,6.79983,0.060922,1.3e-05,0.999842,specsjeng,cl_128_L1i_assoc_4,10.270554,1.5104133485690083,64,32,2,128,2,4,8,250,9.93679,12.3288,1.26996,0.00797365,0.237924,38.4333,0.0163995,0.00351474,0.0495101,0.2874341,50.762100000000004,99.21467755879833
0.340068,6.801366,0.060922,1.5e-05,0.999825,specsjeng,cl_128_L2_1MB,10.270554,1.510072241370337,64,32,1,128,2,2,8,251,8.79613,11.0402,1.18338,0.00728232,0.23787,18.4409,0.00982759,0.00213695,0.0409464,0.2788164,29.481099999999998,55.90596462242828
0.339765,6.795293,0.060922,1.5e-05,0.999825,specsjeng,cl_128_L2_4MB,10.270554,1.5114218032982538,64,32,4,128,2,2,8,252,8.5607,11.0402,1.18338,0.00728232,0.238083,17.2367,0.011754,0.00179701,0.0343517,0.2724347,28.276899999999998,52.34827873885099
0.339983,6.799653,0.060922,1.5e-05,0.999825,specsjeng,cl_128_L2_assoc_16,10.270554,1.5104526657463255,64,32,2,128,2,2,16,253,8.30677,11.0402,1.18338,0.00728232,0.23793,9.55784,0.00636927,0.000960741,0.0294103,0.2673403,20.59804,37.44355529237262
0.339968,6.799362,0.060922,1.5e-05,0.999825,specsjeng,cl_128_L2_assoc_4,10.270554,1.510517310300584,64,32,2,128,2,2,4,254,9.22489,11.0402,1.18338,0.00728232,0.23794,38.5022,0.0163047,0.00350145,0.0491185,0.2870585,49.5424,96.69758244695461
0.258784,5.175684,0.030467,1.1e-05,0.999509,specsjeng,cl_256_L1d_128kB,10.270554,1.9843858319016383,128,32,2,256,2,2,8,255,28.9135,31.5755,2.62763,0.016631,0.947753,63.5151,0.0342731,0.0079159,0.0929628,1.0407157999999999,95.0906,512.1975401876674
0.258801,5.176027,0.03049,1.1e-05,0.99804,specsjeng,cl_256_L1d_32kB,10.270554,1.984254332521836,32,32,2,256,2,2,8,256,27.1833,26.7476,2.38038,0.0151099,0.591937,63.5151,0.0342731,0.0079159,0.0931398,0.6850768,90.2627,320.06936914746865
0.262687,5.253734,0.03266,1.1e-05,0.874006,specsjeng,cl_256_L1d_assoc_1,10.270554,1.9549055966670563,64,32,2,256,1,2,8,257,27.1092,26.9365,2.38747,0.0150925,0.564443,63.5151,0.0342731,0.0079159,0.104698,0.669141,90.4516,317.98158877669823
0.258778,5.17556,0.030461,1.1e-05,0.999891,specsjeng,cl_256_L1d_assoc_4,10.270554,1.9844333753255687,64,32,2,256,4,2,8,258,29.3357,32.4329,2.64543,0.0169011,1.08573,63.5151,0.0342731,0.0079159,0.0929481,1.1786781000000002,95.948,585.3134292148397
0.25879,5.175806,0.030472,1.4e-05,0.99911,specsjeng,cl_256_L1i_16kB,10.270554,1.984339057530364,64,16,2,256,2,2,8,259,27.3978,27.1127,2.39875,0.0152076,0.633377,63.5151,0.0342731,0.0079159,0.0930179,0.7263949,90.6278,340.73144388859333
0.258787,5.175745,0.030472,9e-06,0.999218,specsjeng,cl_256_L1i_64kB,10.270554,1.9843624444403656,64,64,2,256,2,2,8,260,27.1344,26.9855,2.39407,0.0150751,0.633381,63.5151,0.0342731,0.0079159,0.0930039,0.7263849,90.50059999999999,340.24451853947875
0.258794,5.175871,0.030472,1.3e-05,0.999128,specsjeng,cl_256_L1i_assoc_1,10.270554,1.984314137659149,64,32,2,256,2,1,8,261,25.7949,24.3346,2.21481,0.0137089,0.633367,63.5151,0.0342731,0.0079159,0.0930132,0.7263802,87.8497,330.28414324268283
0.25879,5.175806,0.030472,1e-05,0.999198,specsjeng,cl_256_L1i_assoc_4,10.270554,1.984339057530364,64,32,2,256,2,4,8,262,30.1346,32.5264,2.66855,0.0170367,0.633376,63.5151,0.0342731,0.0079159,0.0930075,0.7263835000000001,96.0415,361.0795516829165
0.258892,5.177835,0.030472,1.1e-05,0.999168,specsjeng,cl_256_L2_1MB,10.270554,1.9835614692241064,64,32,1,256,2,2,8,263,26.4747,26.8722,2.38722,0.0150925,0.633127,41.012,0.0246282,0.00569725,0.0837355,0.7168625,67.88419999999999,251.97228455574677
0.258578,5.17157,0.030472,1.1e-05,0.999168,specsjeng,cl_256_L2_4MB,10.270554,1.985964416995226,64,32,4,256,2,2,8,264,27.8819,26.8722,2.38722,0.0150925,0.633894,83.7665,0.0426703,0.00936352,0.104343,0.7382369999999999,110.6387,422.40133259841883
0.258789,5.175774,0.030472,1.1e-05,0.999168,specsjeng,cl_256_L2_assoc_16,10.270554,1.9843513260045744,64,32,2,256,2,2,16,269,27.2228,26.8722,2.38722,0.0150925,0.633379,63.4759,0.034368,0.00792922,0.0940906,0.7274696,90.3481,340.1803142021919
0.258792,5.175839,0.030472,1.1e-05,0.999168,specsjeng,cl_256_L2_assoc_4,10.270554,1.98432640582522,64,32,2,256,2,2,4,270,27.2025,26.8722,2.38722,0.0150925,0.633371,63.5544,0.0342259,0.00790933,0.0927429,0.7261139,90.42660000000001,339.84564665629273
0.513528,10.270554,0.121831,2e-05,0.999972,specsjeng,default,10.270554,1.0,64,32,2,64,2,2,8,271,3.86567,7.22483,1.098,0.00726281,0.0936849,7.0038,0.00472789,0.000571604,0.0145969,0.1082818,14.228629999999999,15.823859678406214
0.513526,10.27052,0.121831,2e-05,0.999976,specsjeng,L1d_128kB,10.270554,1.0000033104458197,128,32,2,64,2,2,8,272,4.36266,9.87973,1.38119,0.00969175,0.124592,7.0038,0.00472789,0.000571604,0.0145941,0.1391861,16.88353,24.135236152363277
0.513526,10.27052,0.121831,1.9e-05,0.999983,specsjeng,L1d_128kB_L1i_64kB,10.270554,1.0000033104458197,128,64,2,64,2,2,8,273,5.36199,12.2715,1.78243,0.0133423,0.124593,7.0038,0.00472789,0.000571604,0.0145938,0.1391868,19.2753,27.554442529440344
0.51365,10.273004,0.121831,1.9e-05,0.999983,specsjeng,L1d_128kB_L1i_64kB_L2_1MB,10.270554,0.9997615108492122,128,64,1,64,2,2,8,274,5.25587,12.2715,1.78243,0.0133423,0.124563,4.1658,0.00278925,0.000397114,0.0117057,0.1362687,16.4373,23.01039381884324
0.513513,10.270259,0.121831,1.9e-05,0.999983,specsjeng,L1d_128kB_L1i_64kB_L2_1MB_L2_assoc_16,10.270554,1.000028723715731,128,64,1,64,2,2,16,275,5.25771,12.2715,1.78243,0.0133423,0.124596,4.223,0.00292562,0.000418879,0.011889,0.136485,16.4945,23.120939393999613
0.513517,10.270342,0.121831,1.9e-05,0.999986,specsjeng,L1d_128kB_L1i_64kB_L2_1MB_L2_assoc_16_L1d_assoc_4,10.270554,1.0000206419610955,128,64,1,64,4,2,16,276,5.03794,13.3903,1.52885,0.010704,0.129206,4.223,0.00292562,0.000418879,0.0118889,0.1410949,17.6133,25.523307578492236
0.513271,10.265414,0.121831,1.9e-05,0.999983,specsjeng,L1d_128kB_L1i_64kB_L2_4MB,10.270554,1.0005007104438264,128,64,4,64,2,2,8,277,5.4871,12.2715,1.78243,0.0133423,0.124655,13.3224,0.00910636,0.00110378,0.0178828,0.1425378,25.593899999999998,37.449238329700854
0.513229,10.264575,0.121831,1.9e-05,0.999983,specsjeng,L1d_128kB_L1i_64kB_L2_4MB_L2_assoc_16,10.270554,1.0005824888025077,128,64,4,64,2,2,16,278,5.489,12.2715,1.78243,0.0133423,0.124665,13.1532,0.00921368,0.00112022,0.018122,0.142787,25.4247,37.26365741373697
0.513274,10.265472,0.121831,1.9e-05,0.999986,specsjeng,L1d_128kB_L1i_64kB_L2_4MB_L2_assoc_16_L1d_assoc_4,10.270554,1.000495057606703,128,64,4,64,4,2,16,279,5.26923,13.3903,1.52885,0.010704,0.129267,13.1532,0.00921368,0.00112022,0.0181204,0.1473874,26.5435,40.160348091510805
0.513526,10.27052,0.121833,2e-05,0.999948,specsjeng,L1d_32kB,10.270554,1.0000033104458197,32,32,2,64,2,2,8,280,2.98366,4.59384,0.696764,0.0036123,0.0281233,7.0038,0.00472789,0.000571604,0.0145988,0.0427221,11.59764,5.088791400396518
0.514501,10.290026,0.122393,2e-05,0.990849,specsjeng,L1d_assoc_1,10.270554,0.998107682138024,64,32,2,64,1,2,8,281,3.86087,7.18505,1.09577,0.00724961,0.0931479,7.0038,0.00472789,0.000571604,0.014702,0.1078499,14.18885,15.746477478615743
0.513526,10.27052,0.121831,2e-05,0.999978,specsjeng,L1d_assoc_4,10.270554,1.0000033104458197,64,32,2,64,4,2,8,282,3.59803,6.08826,0.825522,0.0046475,0.102428,7.0038,0.00472789,0.000571604,0.0145969,0.1170249,13.09206,15.73543300670577
0.513518,10.270355,0.121831,2e-05,0.999978,specsjeng,L1d_assoc_8,10.270554,1.0000193761559362,64,32,2,64,8,2,8,283,3.84194,6.38891,0.846024,0.00480872,0.16334,7.0038,0.00472789,0.000571604,0.0145971,0.17793710000000001,13.392710000000001,24.474871965908456
0.513545,10.270894,0.121831,2.3e-05,0.999959,specsjeng,L1i_16kB,10.270554,0.9999668967472548,64,16,2,64,2,2,8,284,3.84674,7.17051,1.09074,0.00724313,0.0936818,7.0038,0.00472789,0.000571604,0.0145969,0.10827869999999999,14.17431,15.763520173842206
0.513524,10.270481,0.121831,1.9e-05,0.999979,specsjeng,L1i_64kB,10.270554,1.000007107748897,64,64,2,64,2,2,8,285,4.865,9.61665,1.49924,0.0109133,0.0936859,7.0038,0.00472789,0.000571604,0.0145968,0.10828270000000001,16.620449999999998,18.483858615641832
0.513536,10.270716,0.121831,2.2e-05,0.999962,specsjeng,L1i_assoc_1,10.270554,0.9999842270003376,64,32,2,64,2,1,8,286,3.83552,7.19162,1.09768,0.0072586,0.0936834,7.0038,0.00472789,0.000571604,0.0145969,0.1082803,14.19542,15.786956685425759
0.513533,10.270653,0.121831,2e-05,0.999976,specsjeng,L1i_assoc_4,10.270554,0.9999903608855252,64,32,2,64,2,4,8,287,4.2711,7.98819,1.17653,0.00798406,0.0936844,7.0038,0.00472789,0.000571604,0.0145967,0.1082811,14.991990000000001,16.67285600636199
0.513526,10.270525,0.121831,1.9e-05,0.999978,specsjeng,L1i_assoc_8,10.270554,1.0000028236141776,64,32,2,64,2,8,8,288,4.62657,8.8343,1.2204,0.00831435,0.0936857,7.0038,0.00472789,0.000571604,0.0145968,0.1082825,15.8381,17.613838048835706
0.513664,10.273271,0.121831,2e-05,0.999972,specsjeng,L2_1MB,10.270554,0.9997355272726672,64,32,1,64,2,2,8,289,3.75956,7.22483,1.098,0.00726281,0.0936601,4.1658,0.00278925,0.000397114,0.0117079,0.10536799999999999,11.39063,12.330061031943716
0.513271,10.265417,0.121831,2e-05,0.999972,specsjeng,L2_4MB,10.270554,1.0005004180541328,64,32,4,64,2,2,8,290,3.99078,7.22483,1.098,0.00726281,0.0937317,13.3224,0.00910636,0.00110378,0.0178867,0.1116184,20.54723,23.543209706840223
0.513545,10.27089,0.121831,2e-05,0.999972,specsjeng,L2_assoc_16,10.270554,0.9999672861845468,64,32,2,64,2,2,16,291,3.86691,7.22483,1.098,0.00726281,0.0936818,7.67752,0.00494005,0.000605182,0.0146915,0.10837329999999999,14.90235,16.587660386302904
0.513507,10.27014,0.121831,2e-05,0.999972,specsjeng,L2_assoc_2,10.270554,1.0000403110376297,64,32,2,64,2,2,2,292,3.86492,7.22483,1.098,0.00726281,0.0936887,7.69091,0.00465773,0.000566123,0.0144395,0.1081282,14.91574,16.563806244200862
0.513283,10.265663,0.121831,2e-05,0.999972,specsjeng,L2_assoc_32,10.270554,1.0004764426808088,64,32,2,64,2,2,32,293,3.87177,7.22483,1.098,0.00726281,0.0937295,7.72645,0.00527753,0.000654024,0.0152082,0.1089377,14.95128,16.720281303793474
0.513526,10.270525,0.121831,2e-05,0.999972,specsjeng,L2_assoc_4,10.270554,1.0000028236141776,64,32,2,64,2,2,4,294,3.86503,7.22483,1.098,0.00726281,0.0936851,7.68591,0.0046776,0.000568258,0.0144631,0.1081482,14.91074,16.561937332518486
0.513214,10.264288,0.121831,2e-05,0.999972,specsjeng,L2_assoc_64,10.270554,1.0006104661131878,64,32,2,64,2,2,64,295,3.88963,7.22483,1.098,0.00726281,0.093742,7.72423,0.00570646,0.000714457,0.0174648,0.11120680000000001,14.94906,17.063733439132687
0.258572,5.171443,0.030461,9e-06,0.999963,specsjeng,cl_256_L2_4MB_L1i_64kB_L1d_128kB_L2_assoc_16_L1d_assoc_4_L1i_assoc_16,10.270554,1.9860131881952483,128,64,4,256,4,16,16,265,48.7231,69.3741,4.20938,0.0261531,1.16809,83.6797,0.0428605,0.00939029,0.105311,1.273401,153.0538,1007.9083554623742
0.258569,5.171385,0.030461,9e-06,0.999957,specsjeng,cl_256_L2_4MB_L1i_64kB_L1d_128kB_L2_assoc_16_L1d_assoc_4_L1i_assoc_4,10.270554,1.9860354624534824,128,64,4,256,4,4,16,266,32.6443,37.14,2.92846,0.0186976,1.16809,83.6797,0.0428605,0.00939029,0.105314,1.273404,120.8197,795.6294208886194
0.258569,5.171385,0.030461,9e-06,0.999964,specsjeng,cl_256_L2_4MB_L1i_64kB_L1d_128kB_L2_assoc_16_L1d_assoc_4_L1i_assoc_8,10.270554,1.9860354624534824,128,64,4,256,4,8,16,267,37.1858,46.1337,3.31797,0.0211603,1.16809,83.6797,0.0428605,0.00939029,0.105313,1.273403,129.8134,854.8546235216393
0.258568,5.171358,0.030461,9e-06,0.999964,specsjeng,cl_256_L2_4MB_L1i_64kB_L1d_128kB_L2_assoc_16_L1d_assoc_8_L1i_assoc_8,10.270554,1.9860458316751617,128,64,4,256,8,8,16,268,41.2294,56.9064,3.71281,0.0237037,2.20338,83.6797,0.0428605,0.00939029,0.105313,2.3086930000000003,140.5861,1678.4684157378065
