sim_seconds,system.cpu.cpi,system.cpu.dcache.overall_miss_rate::total,system.cpu.icache.overall_miss_rate::total,system.l2.overall_miss_rate::total,Benchmark,Config,default_cpi,speedup,L1d,L1i,L2,cacheline,L1d_assoc,L1i_assoc,L2_assoc
0.083329,1.666573,0.014359,6.7e-05,0.173845,specbzip,Cacheline_128,1.67965,1.0078466409812232,64,32,2,128,2,2,8
0.10557,2.111404,0.02405,9.7e-05,0.584866,specbzip,Cacheline_16,1.67965,0.7955133172050447,64,32,2,16,2,2,8
0.083098,1.661958,0.015258,6.3e-05,0.108546,specbzip,Cacheline_256,1.67965,1.0106452750310178,64,32,2,256,2,2,8
0.092629,1.852581,0.018283,8.7e-05,0.427357,specbzip,Cacheline_32,1.67965,0.9066540140485084,64,32,2,32,2,2,8
0.081737,1.634732,0.010771,6.7e-05,0.23603,specbzip,cl_128_L1d_128kB,1.67965,1.0274772867968571,128,32,2,128,2,2,8
0.084813,1.696263,0.017911,6.7e-05,0.137935,specbzip,cl_128_L1d_32kB,1.67965,0.990206117801308,32,32,2,128,2,2,8
0.085221,1.704425,0.017858,6.7e-05,0.139039,specbzip,cl_128_L1d_assoc_1,1.67965,0.9854643061443008,64,32,2,128,1,2,8
0.082492,1.649833,0.012826,6.7e-05,0.195893,specbzip,cl_128_L1d_assoc_4,1.67965,1.0180727382710857,64,32,2,128,4,2,8
0.083331,1.666628,0.014359,7.8e-05,0.173868,specbzip,cl_128_L1i_16kB,1.67965,1.0078133812704455,64,16,2,128,2,2,8
0.083316,1.666316,0.014358,5.6e-05,0.173828,specbzip,cl_128_L1i_64kB,1.67965,1.0080020836383976,64,64,2,128,2,2,8
0.083331,1.666628,0.014358,8.1e-05,0.17383,specbzip,cl_128_L1i_assoc_1,1.67965,1.0078133812704455,64,32,2,128,2,1,8
0.083324,1.666472,0.014359,5.4e-05,0.17386,specbzip,cl_128_L1i_assoc_4,1.67965,1.0079077236221192,64,32,2,128,2,4,8
0.084543,1.690851,0.014361,6.7e-05,0.203861,specbzip,cl_128_L2_1MB,1.67965,0.9933755251054056,64,32,1,128,2,2,8
0.082439,1.648784,0.014349,6.7e-05,0.154262,specbzip,cl_128_L2_4MB,1.67965,1.0187204630806703,64,32,4,128,2,2,8
0.083354,1.66707,0.014359,6.7e-05,0.173853,specbzip,cl_128_L2_assoc_16,1.67965,1.007546173825934,64,32,2,128,2,2,16
0.083302,1.666046,0.014358,6.7e-05,0.174181,specbzip,cl_128_L2_assoc_4,1.67965,1.008165440810158,64,32,2,128,2,2,4
0.081225,1.624496,0.011202,6.3e-05,0.149513,specbzip,cl_256_L1d_128kB,1.67965,1.0339514532507317,128,32,2,256,2,2,8
0.084884,1.697672,0.019148,6.3e-05,0.085976,specbzip,cl_256_L1d_32kB,1.67965,0.9893842862461064,32,32,2,256,2,2,8
0.085587,1.711731,0.019451,6.3e-05,0.08539,specbzip,cl_256_L1d_assoc_1,1.67965,0.9812581532962832,64,32,2,256,1,2,8
0.082275,1.645503,0.013829,6.3e-05,0.120135,specbzip,cl_256_L1d_assoc_4,1.67965,1.0207517093557412,64,32,2,256,4,2,8
0.083112,1.662245,0.015258,8e-05,0.108559,specbzip,cl_256_L1i_16kB,1.67965,1.010470778976625,64,16,2,256,2,2,8
0.083139,1.662776,0.015258,4.5e-05,0.108506,specbzip,cl_256_L1i_64kB,1.67965,1.010148089700597,64,64,2,256,2,2,8
0.083118,1.66235,0.015258,8.2e-05,0.108535,specbzip,cl_256_L1i_assoc_1,1.67965,1.0104069540108882,64,32,2,256,2,1,8
0.083104,1.662078,0.015258,4.7e-05,0.108506,specbzip,cl_256_L1i_assoc_4,1.67965,1.0105723076774975,64,32,2,256,2,4,8
0.084335,1.686705,0.01526,6.3e-05,0.137758,specbzip,cl_256_L2_1MB,1.67965,0.9958172887375092,64,32,1,256,2,2,8
0.082444,1.648878,0.015236,6.3e-05,0.096603,specbzip,cl_256_L2_4MB,1.67965,1.0186623873931242,64,32,4,256,2,2,8
0.08312,1.662408,0.015257,6.3e-05,0.10859,specbzip,cl_256_L2_assoc_16,1.67965,1.0103717017723688,64,32,2,256,2,2,16
0.08306,1.661196,0.015255,6.3e-05,0.108932,specbzip,cl_256_L2_assoc_4,1.67965,1.0111088637343215,64,32,2,256,2,2,4
0.083982,1.67965,0.014798,7.7e-05,0.282163,specbzip,default,1.67965,1.0,64,32,2,64,2,2,8
0.082521,1.650416,0.011747,7.7e-05,0.363137,specbzip,L1d_128kB,1.67965,1.0177131099068355,128,32,2,64,2,2,8
0.082519,1.650388,0.011748,7.2e-05,0.363126,specbzip,L1d_128kB_L1i_64kB,1.67965,1.0177303761297345,128,64,2,64,2,2,8
0.084073,1.681455,0.011745,7.2e-05,0.410075,specbzip,L1d_128kB_L1i_64kB_L2_1MB,1.67965,0.9989265249441704,128,64,1,64,2,2,8
0.083995,1.67989,0.011742,7.2e-05,0.407328,specbzip,L1d_128kB_L1i_64kB_L2_1MB_L2_assoc_16,1.67965,0.9998571335027888,128,64,1,64,2,2,16
0.083606,1.672113,0.010948,7.2e-05,0.440234,specbzip,L1d_128kB_L1i_64kB_L2_1MB_L2_assoc_16_L1d_assoc_4,1.67965,1.0045074704879395,128,64,1,64,4,2,16
0.081217,1.624346,0.011745,7.2e-05,0.323989,specbzip,L1d_128kB_L1i_64kB_L2_4MB,1.67965,1.034046933350407,128,64,4,64,2,2,8
0.081197,1.623941,0.011744,7.2e-05,0.325455,specbzip,L1d_128kB_L1i_64kB_L2_4MB_L2_assoc_16,1.67965,1.0343048177242893,128,64,4,64,2,2,16
0.080804,1.616081,0.01095,7.2e-05,0.351737,specbzip,L1d_128kB_L1i_64kB_L2_4MB_L2_assoc_16_L1d_assoc_4,1.67965,1.0393352808429774,128,64,4,64,4,2,16
0.085315,1.706294,0.017943,7.7e-05,0.229498,specbzip,L1d_32kB,1.67965,0.9843848715403092,32,32,2,64,2,2,8
0.085576,1.711521,0.017875,7.7e-05,0.231125,specbzip,L1d_assoc_1,1.67965,0.981378551592414,64,32,2,64,1,2,8
0.083184,1.663677,0.013334,7.7e-05,0.315939,specbzip,L1d_assoc_4,1.67965,1.0096010223138263,64,32,2,64,4,2,8
0.082879,1.65759,0.012735,7.7e-05,0.332218,specbzip,L1d_assoc_8,1.67965,1.0133084779710304,64,32,2,64,8,2,8
0.084007,1.680134,0.014799,8.4e-05,0.282187,specbzip,L1i_16kB,1.67965,0.999711927739097,64,16,2,64,2,2,8
0.083994,1.679876,0.0148,7.2e-05,0.282148,specbzip,L1i_64kB,1.67965,0.999865466260605,64,64,2,64,2,2,8
0.083998,1.679958,0.014798,9e-05,0.28212,specbzip,L1i_assoc_1,1.67965,0.9998166620832188,64,32,2,64,2,1,8
0.083992,1.679834,0.014799,7e-05,0.282188,specbzip,L1i_assoc_4,1.67965,0.9998904653674112,64,32,2,64,2,4,8
0.083998,1.679962,0.014799,7e-05,0.282188,specbzip,L1i_assoc_8,1.67965,0.9998142815135104,64,32,2,64,2,8,8
0.085526,1.71052,0.014796,7.7e-05,0.318634,specbzip,L2_1MB,1.67965,0.981952856441316,64,32,1,64,2,2,8
0.082692,1.653848,0.014796,7.7e-05,0.251734,specbzip,L2_4MB,1.67965,1.0156011918870418,64,32,4,64,2,2,8
0.084064,1.681276,0.014799,7.7e-05,0.283168,specbzip,L2_assoc_16,1.67965,0.9990328774097768,64,32,2,64,2,2,16
0.084406,1.688129,0.014791,7.7e-05,0.292739,specbzip,L2_assoc_2,1.67965,0.9949772795799374,64,32,2,64,2,2,2
0.084043,1.680863,0.0148,7.7e-05,0.28331,specbzip,L2_assoc_32,1.67965,0.9992783468968024,64,32,2,64,2,2,32
0.083942,1.678833,0.014793,7.7e-05,0.282144,specbzip,L2_assoc_4,1.67965,1.000486647570068,64,32,2,64,2,2,4
0.084077,1.681547,0.0148,7.7e-05,0.28369,specbzip,L2_assoc_64,1.67965,0.998871872151061,64,32,2,64,2,2,64
0.080009,1.600188,0.010138,3.9e-05,0.145083,specbzip,cl_256_L2_4MB_L1i_64kB_L1d_128kB_L2_assoc_16_L1d_assoc_4_L1i_assoc_16,1.67965,1.0496579151949648,128,64,4,256,4,16,16
0.080005,1.600096,0.010138,4.1e-05,0.145076,specbzip,cl_256_L2_4MB_L1i_64kB_L1d_128kB_L2_assoc_16_L1d_assoc_4_L1i_assoc_4,1.67965,1.0497182669039855,128,64,4,256,4,4,16
0.080017,1.600344,0.010138,3.9e-05,0.145083,specbzip,cl_256_L2_4MB_L1i_64kB_L1d_128kB_L2_assoc_16_L1d_assoc_4_L1i_assoc_8,1.67965,1.0495555955469575,128,64,4,256,4,8,16
0.079593,1.591869,0.00935,3.9e-05,0.157904,specbzip,cl_256_L2_4MB_L1i_64kB_L1d_128kB_L2_assoc_16_L1d_assoc_8_L1i_assoc_8,1.67965,1.0551433566455533,128,64,4,256,8,8,16
0.059099,1.181978,0.000881,0.000345,0.072025,spechmmer,Cacheline_128,1.187917,1.00502462820797,64,32,2,128,2,2,8
0.061015,1.220304,0.006153,0.000206,0.077133,spechmmer,Cacheline_16,1.187917,0.9734598919613472,64,32,2,16,2,2,8
0.058993,1.179864,0.000544,0.000468,0.056276,spechmmer,Cacheline_256,1.187917,1.0068253629231845,64,32,2,256,2,2,8
0.059842,1.196843,0.003134,0.00019,0.078314,spechmmer,Cacheline_32,1.187917,0.9925420460327712,64,32,2,32,2,2,8
0.05903,1.180605,0.000388,0.000344,0.146222,spechmmer,cl_128_L1d_128kB,1.187917,1.006193434722028,128,32,2,128,2,2,8
0.05925,1.185003,0.00139,0.000347,0.048132,spechmmer,cl_128_L1d_32kB,1.187917,1.0024590655044754,32,32,2,128,2,2,8
0.060552,1.211043,0.003106,0.000345,0.022615,spechmmer,cl_128_L1d_assoc_1,1.187917,0.9809040636872512,64,32,2,128,1,2,8
0.059089,1.181775,0.000853,0.000344,0.074295,spechmmer,cl_128_L1d_assoc_4,1.187917,1.0051972668232108,64,32,2,128,4,2,8
0.059131,1.182626,0.00088,0.000659,0.064453,spechmmer,cl_128_L1i_16kB,1.187917,1.0044739418886444,64,16,2,128,2,2,8
0.05907,1.181398,0.000881,8.3e-05,0.079897,spechmmer,cl_128_L1i_64kB,1.187917,1.0055180387981018,64,64,2,128,2,2,8
0.063841,1.276817,0.000881,0.034722,0.005338,spechmmer,cl_128_L1i_assoc_1,1.187917,0.9303737340589918,64,32,2,128,2,1,8
0.059078,1.181568,0.000881,0.000224,0.075487,spechmmer,cl_128_L1i_assoc_4,1.187917,1.00537336826996,64,32,2,128,2,4,8
0.059099,1.181978,0.000881,0.000345,0.072025,spechmmer,cl_128_L2_1MB,1.187917,1.00502462820797,64,32,1,128,2,2,8
0.059099,1.181978,0.000881,0.000345,0.072025,spechmmer,cl_128_L2_4MB,1.187917,1.00502462820797,64,32,4,128,2,2,8
0.059099,1.181978,0.000881,0.000345,0.072025,spechmmer,cl_128_L2_assoc_16,1.187917,1.00502462820797,64,32,2,128,2,2,16
0.059099,1.181978,0.000881,0.000345,0.072025,spechmmer,cl_128_L2_assoc_4,1.187917,1.00502462820797,64,32,2,128,2,2,4
0.058922,1.17844,0.000237,0.000468,0.101365,spechmmer,cl_256_L1d_128kB,1.187917,1.008041987712569,128,32,2,256,2,2,8
0.059156,1.18312,0.000991,0.00047,0.035649,spechmmer,cl_256_L1d_32kB,1.187917,1.004054533775103,32,32,2,256,2,2,8
0.061536,1.230717,0.004127,0.000468,0.009341,spechmmer,cl_256_L1d_assoc_1,1.187917,0.9652235241733068,64,32,2,256,1,2,8
0.058959,1.179175,0.000475,0.000468,0.062457,spechmmer,cl_256_L1d_assoc_4,1.187917,1.0074136578540078,64,32,2,256,4,2,8
0.059032,1.180635,0.000544,0.000773,0.048814,spechmmer,cl_256_L1i_16kB,1.187917,1.0061678672917538,64,16,2,256,2,2,8
0.058953,1.179064,0.000544,7.4e-05,0.070083,spechmmer,cl_256_L1i_64kB,1.187917,1.0075084982664215,64,64,2,256,2,2,8
0.064273,1.285454,0.000544,0.032382,0.003417,spechmmer,cl_256_L1i_assoc_1,1.187917,0.9241225279162067,64,32,2,256,2,1,8
0.058967,1.179334,0.000544,0.000241,0.06348,spechmmer,cl_256_L1i_assoc_4,1.187917,1.0072778364738062,64,32,2,256,2,4,8
0.058993,1.179864,0.000544,0.000468,0.056276,spechmmer,cl_256_L2_1MB,1.187917,1.0068253629231845,64,32,1,256,2,2,8
0.058993,1.179864,0.000544,0.000468,0.056276,spechmmer,cl_256_L2_4MB,1.187917,1.0068253629231845,64,32,4,256,2,2,8
0.058993,1.179864,0.000544,0.000468,0.056276,spechmmer,cl_256_L2_assoc_16,1.187917,1.0068253629231845,64,32,2,256,2,2,16
0.058993,1.179864,0.000544,0.000468,0.056276,spechmmer,cl_256_L2_assoc_4,1.187917,1.0068253629231845,64,32,2,256,2,2,4
0.059396,1.187917,0.001637,0.000221,0.07776,spechmmer,default,1.187917,1.0,64,32,2,64,2,2,8
0.059317,1.186345,0.000701,0.000212,0.180008,spechmmer,L1d_128kB,1.187917,1.0013250782866705,128,32,2,64,2,2,8
0.059292,1.185839,0.000702,8.7e-05,0.193947,spechmmer,L1d_128kB_L1i_64kB,1.187917,1.001752345807483,128,64,2,64,2,2,8
0.059292,1.185839,0.000702,8.7e-05,0.193947,spechmmer,L1d_128kB_L1i_64kB_L2_1MB,1.187917,1.001752345807483,128,64,1,64,2,2,8
0.059292,1.185839,0.000702,8.7e-05,0.193947,spechmmer,L1d_128kB_L1i_64kB_L2_1MB_L2_assoc_16,1.187917,1.001752345807483,128,64,1,64,2,2,16
0.059278,1.185557,0.000669,8.7e-05,0.206886,spechmmer,L1d_128kB_L1i_64kB_L2_1MB_L2_assoc_16_L1d_assoc_4,1.187917,1.0019906255034552,128,64,1,64,4,2,16
0.059292,1.185839,0.000702,8.7e-05,0.193947,spechmmer,L1d_128kB_L1i_64kB_L2_4MB,1.187917,1.001752345807483,128,64,4,64,2,2,8
0.059292,1.185839,0.000702,8.7e-05,0.193947,spechmmer,L1d_128kB_L1i_64kB_L2_4MB_L2_assoc_16,1.187917,1.001752345807483,128,64,4,64,2,2,16
0.059278,1.185557,0.000669,8.7e-05,0.206886,spechmmer,L1d_128kB_L1i_64kB_L2_4MB_L2_assoc_16_L1d_assoc_4,1.187917,1.0019906255034552,128,64,4,64,4,2,16
0.059567,1.191346,0.002359,0.000221,0.054065,spechmmer,L1d_32kB,1.187917,0.9971217429697165,32,32,2,64,2,2,8
0.060575,1.211494,0.003394,0.000221,0.038446,spechmmer,L1d_assoc_1,1.187917,0.9805389048563178,64,32,2,64,1,2,8
0.059387,1.187732,0.001587,0.000215,0.080373,spechmmer,L1d_assoc_4,1.187917,1.0001557590432857,64,32,2,64,4,2,8
0.059384,1.187679,0.001629,0.000215,0.078285,spechmmer,L1d_assoc_8,1.187917,1.0002003908463482,64,32,2,64,8,2,8
0.059432,1.188644,0.001637,0.000578,0.07141,spechmmer,L1i_16kB,1.187917,0.9993883786903396,64,16,2,64,2,2,8
0.059384,1.187688,0.001638,8.7e-05,0.080478,spechmmer,L1i_64kB,1.187917,1.0001928115801455,64,64,2,64,2,2,8
0.065852,1.317035,0.001638,0.034157,0.008467,spechmmer,L1i_assoc_1,1.187917,0.9019631217089902,64,32,2,64,2,1,8
0.059389,1.187777,0.001638,0.000142,0.079268,spechmmer,L1i_assoc_4,1.187917,1.0001178672427566,64,32,2,64,2,4,8
0.059385,1.18771,0.001638,9e-05,0.080362,spechmmer,L1i_assoc_8,1.187917,1.0001742849685529,64,32,2,64,2,8,8
0.059396,1.187917,0.001637,0.000221,0.07776,spechmmer,L2_1MB,1.187917,1.0,64,32,1,64,2,2,8
0.059399,1.187974,0.001637,0.000221,0.07776,spechmmer,L2_4MB,1.187917,0.999952019151934,64,32,4,64,2,2,8
0.059396,1.187917,0.001637,0.000221,0.07776,spechmmer,L2_assoc_16,1.187917,1.0,64,32,2,64,2,2,16
0.059396,1.187917,0.001637,0.000221,0.07776,spechmmer,L2_assoc_2,1.187917,1.0,64,32,2,64,2,2,2
0.059397,1.187945,0.001637,0.000221,0.077759,spechmmer,L2_assoc_32,1.187917,0.9999764298852218,64,32,2,64,2,2,32
0.059396,1.187917,0.001637,0.000221,0.07776,spechmmer,L2_assoc_4,1.187917,1.0,64,32,2,64,2,2,4
0.059397,1.187946,0.001637,0.000221,0.077759,spechmmer,L2_assoc_64,1.187917,0.999975588115958,64,32,2,64,2,2,64
0.058865,1.177306,0.000216,4.3e-05,0.183369,spechmmer,cl_256_L2_4MB_L1i_64kB_L1d_128kB_L2_assoc_16_L1d_assoc_4_L1i_assoc_16,1.187917,1.0090129499042728,128,64,4,256,4,16,16
0.058869,1.177387,0.000216,5e-05,0.181544,spechmmer,cl_256_L2_4MB_L1i_64kB_L1d_128kB_L2_assoc_16_L1d_assoc_4_L1i_assoc_4,1.187917,1.008943533434631,128,64,4,256,4,4,16
0.058865,1.177306,0.000216,4.4e-05,0.1831,spechmmer,cl_256_L2_4MB_L1i_64kB_L1d_128kB_L2_assoc_16_L1d_assoc_4_L1i_assoc_8,1.187917,1.0090129499042728,128,64,4,256,4,8,16
0.058855,1.177095,0.000177,4.4e-05,0.227152,spechmmer,cl_256_L2_4MB_L1i_64kB_L1d_128kB_L2_assoc_16_L1d_assoc_8_L1i_assoc_8,1.187917,1.0091938203798334,128,64,4,256,8,8,16
0.129065,2.581299,0.030487,0.000112,0.999799,speclibm,Cacheline_128,3.493415,1.3533554229866436,64,32,2,128,2,2,8
0.490062,9.801234,0.243877,7.5e-05,0.99999,speclibm,Cacheline_16,3.493415,0.3564260377825894,64,32,2,16,2,2,8
0.099532,1.990648,0.015244,0.000134,0.999474,speclibm,Cacheline_256,3.493415,1.754913475411022,64,32,2,256,2,2,8
0.280391,5.607827,0.12194,8.5e-05,0.999979,speclibm,Cacheline_32,3.493415,0.6229534184988231,64,32,2,32,2,2,8
0.129065,2.581299,0.030487,0.000112,0.999799,speclibm,cl_128_L1d_128kB,3.493415,1.3533554229866436,128,32,2,128,2,2,8
0.129064,2.58128,0.030486,0.000112,0.99979,speclibm,cl_128_L1d_32kB,3.493415,1.3533653846153846,32,32,2,128,2,2,8
0.129921,2.598416,0.031778,0.000112,0.944482,speclibm,cl_128_L1d_assoc_1,3.493415,1.3444402282005654,64,32,2,128,1,2,8
0.129065,2.581299,0.030487,0.000112,0.9998,speclibm,cl_128_L1d_assoc_4,3.493415,1.3533554229866436,64,32,2,128,4,2,8
0.129066,2.581318,0.030487,0.000141,0.999631,speclibm,cl_128_L1i_16kB,3.493415,1.3533454615045493,64,16,2,128,2,2,8
0.129063,2.581262,0.030486,9e-05,0.999923,speclibm,cl_128_L1i_64kB,3.493415,1.3533748220831516,64,64,2,128,2,2,8
0.129066,2.581324,0.030487,0.000146,0.999604,speclibm,cl_128_L1i_assoc_1,3.493415,1.3533423158038278,64,32,2,128,2,1,8
0.129064,2.581284,0.030487,9.5e-05,0.999894,speclibm,cl_128_L1i_assoc_4,3.493415,1.3533632874181996,64,32,2,128,2,4,8
0.12918,2.583607,0.030487,0.000112,0.999799,speclibm,cl_128_L2_1MB,3.493415,1.352146437132273,64,32,1,128,2,2,8
0.128833,2.576667,0.030487,0.000112,0.999799,speclibm,cl_128_L2_4MB,3.493415,1.3557883110235045,64,32,4,128,2,2,8
0.129065,2.581299,0.030487,0.000112,0.999799,speclibm,cl_128_L2_assoc_16,3.493415,1.3533554229866436,64,32,2,128,2,2,16
0.129065,2.581299,0.030487,0.000112,0.999799,speclibm,cl_128_L2_assoc_4,3.493415,1.3533554229866436,64,32,2,128,2,2,4
0.099532,1.990648,0.015244,0.000134,0.999482,speclibm,cl_256_L1d_128kB,3.493415,1.754913475411022,128,32,2,256,2,2,8
0.099532,1.990648,0.015245,0.000135,0.999442,speclibm,cl_256_L1d_32kB,3.493415,1.754913475411022,32,32,2,256,2,2,8
0.101782,2.035647,0.017954,0.000134,0.804798,speclibm,cl_256_L1d_assoc_1,3.493415,1.7161202310616723,64,32,2,256,1,2,8
0.099532,1.990648,0.015244,0.000134,0.999484,speclibm,cl_256_L1d_assoc_4,3.493415,1.754913475411022,64,32,2,256,4,2,8
0.099532,1.990648,0.015244,0.000172,0.999171,speclibm,cl_256_L1i_16kB,3.493415,1.754913475411022,64,16,2,256,2,2,8
0.09953,1.990606,0.015244,9e-05,0.999833,speclibm,cl_256_L1i_64kB,3.493415,1.7549505025102907,64,64,2,256,2,2,8
0.099538,1.990761,0.015244,0.000207,0.998889,speclibm,cl_256_L1i_assoc_1,3.493415,1.7548138626384584,64,32,2,256,2,1,8
0.099532,1.990648,0.015244,0.000114,0.999637,speclibm,cl_256_L1i_assoc_4,3.493415,1.754913475411022,64,32,2,256,2,4,8
0.099563,1.991266,0.015244,0.000134,0.999474,speclibm,cl_256_L2_1MB,3.493415,1.7543688286748231,64,32,1,256,2,2,8
0.099465,1.989307,0.015244,0.000134,0.999474,speclibm,cl_256_L2_4MB,3.493415,1.7560964697756556,64,32,4,256,2,2,8
0.099532,1.990648,0.015244,0.000134,0.999474,speclibm,cl_256_L2_assoc_16,3.493415,1.754913475411022,64,32,2,256,2,2,16
0.099532,1.990648,0.015244,0.000134,0.999474,speclibm,cl_256_L2_assoc_4,3.493415,1.754913475411022,64,32,2,256,2,2,4
0.174671,3.493415,0.060972,9.4e-05,0.999944,speclibm,default,3.493415,1.0,64,32,2,64,2,2,8
0.174671,3.493423,0.06097,9.4e-05,0.999944,speclibm,L1d_128kB,3.493415,0.9999977099824442,128,32,2,64,2,2,8
0.174671,3.493415,0.060972,8.8e-05,0.999967,speclibm,L1d_128kB_L1i_64kB,3.493415,1.0,128,64,2,64,2,2,8
0.175298,3.505956,0.060972,8.8e-05,0.999967,speclibm,L1d_128kB_L1i_64kB_L2_1MB,3.493415,0.9964229442696942,128,64,1,64,2,2,8
0.175298,3.505956,0.060972,8.8e-05,0.999967,speclibm,L1d_128kB_L1i_64kB_L2_1MB_L2_assoc_16,3.493415,0.9964229442696942,128,64,1,64,2,2,16
0.175298,3.505956,0.060972,8.8e-05,0.999968,speclibm,L1d_128kB_L1i_64kB_L2_1MB_L2_assoc_16_L1d_assoc_4,3.493415,0.9964229442696942,128,64,1,64,4,2,16
0.174479,3.489571,0.060972,8.8e-05,0.999967,speclibm,L1d_128kB_L1i_64kB_L2_4MB,3.493415,1.0011015680724078,128,64,4,64,2,2,8
0.174479,3.489571,0.060972,8.8e-05,0.999967,speclibm,L1d_128kB_L1i_64kB_L2_4MB_L2_assoc_16,3.493415,1.0011015680724078,128,64,4,64,2,2,16
0.174479,3.489571,0.060972,8.8e-05,0.999968,speclibm,L1d_128kB_L1i_64kB_L2_4MB_L2_assoc_16_L1d_assoc_4,3.493415,1.0011015680724078,128,64,4,64,4,2,16
0.174691,3.493825,0.060972,9.4e-05,0.999942,speclibm,L1d_32kB,3.493415,0.9998826501041124,32,32,2,64,2,2,8
0.175516,3.510325,0.061561,9.4e-05,0.986457,speclibm,L1d_assoc_1,3.493415,0.9951827822210196,64,32,2,64,1,2,8
0.174671,3.493415,0.060972,9.4e-05,0.999945,speclibm,L1d_assoc_4,3.493415,1.0,64,32,2,64,4,2,8
0.174671,3.493415,0.060972,9.4e-05,0.999945,speclibm,L1d_assoc_8,3.493415,1.0,64,32,2,64,8,2,8
0.174653,3.49305,0.060966,0.000113,0.999866,speclibm,L1i_16kB,3.493415,1.0001044932079417,64,16,2,64,2,2,8
0.17467,3.493408,0.060971,8.8e-05,0.999967,speclibm,L1i_64kB,3.493415,1.0000020037739652,64,64,2,64,2,2,8
0.174648,3.492952,0.060972,0.000122,0.99983,speclibm,L1i_assoc_1,3.493415,1.0001325526374254,64,32,2,64,2,1,8
0.174665,3.493293,0.060972,8.7e-05,0.999973,speclibm,L1i_assoc_4,3.493415,1.0000349240673485,64,32,2,64,2,4,8
0.174665,3.493293,0.060972,8.5e-05,0.999978,speclibm,L1i_assoc_8,3.493415,1.0000349240673485,64,32,2,64,2,8,8
0.174772,3.495444,0.060972,9.4e-05,0.999944,speclibm,L2_1MB,3.493415,0.9994195301083354,64,32,1,64,2,2,8
0.174482,3.489639,0.060972,9.4e-05,0.999944,speclibm,L2_4MB,3.493415,1.0010820603506552,64,32,4,64,2,2,8
0.174671,3.493415,0.060972,9.4e-05,0.999944,speclibm,L2_assoc_16,3.493415,1.0,64,32,2,64,2,2,16
0.174671,3.493415,0.060972,9.4e-05,0.999944,speclibm,L2_assoc_2,3.493415,1.0,64,32,2,64,2,2,2
0.17469,3.493799,0.060971,9.4e-05,0.999944,speclibm,L2_assoc_32,3.493415,0.9998900909869172,64,32,2,64,2,2,32
0.174671,3.493414,0.060972,9.4e-05,0.999944,speclibm,L2_assoc_4,3.493415,1.000000286252932,64,32,2,64,2,2,4
0.174671,3.493415,0.060972,9.4e-05,0.999944,speclibm,L2_assoc_64,3.493415,1.0,64,32,2,64,2,2,64
0.099465,1.989308,0.015244,8e-05,0.999922,speclibm,cl_256_L2_4MB_L1i_64kB_L1d_128kB_L2_assoc_16_L1d_assoc_4_L1i_assoc_16,3.493415,1.7560955870081456,128,64,4,256,4,16,16
0.099465,1.989308,0.015244,8.9e-05,0.999852,speclibm,cl_256_L2_4MB_L1i_64kB_L1d_128kB_L2_assoc_16_L1d_assoc_4_L1i_assoc_4,3.493415,1.7560955870081456,128,64,4,256,4,4,16
0.099465,1.989308,0.015244,8.1e-05,0.999914,speclibm,cl_256_L2_4MB_L1i_64kB_L1d_128kB_L2_assoc_16_L1d_assoc_4_L1i_assoc_8,3.493415,1.7560955870081456,128,64,4,256,4,8,16
0.099465,1.989308,0.015244,8.1e-05,0.999914,speclibm,cl_256_L2_4MB_L1i_64kB_L1d_128kB_L2_assoc_16_L1d_assoc_8_L1i_assoc_8,3.493415,1.7560955870081456,128,64,4,256,8,8,16
0.066527,1.330534,0.001384,0.035212,0.020416,specmcf,Cacheline_128,1.299095,0.9763711412109723,64,32,2,128,2,2,8
0.071726,1.434514,0.004613,0.014546,0.208407,specmcf,Cacheline_16,1.299095,0.905599387667182,64,32,2,16,2,2,8
0.064922,1.298444,0.001172,0.032583,0.011487,specmcf,Cacheline_256,1.299095,1.000501369331292,64,32,2,256,2,2,8
0.063004,1.260085,0.003208,0.013171,0.159189,specmcf,Cacheline_32,1.299095,1.0309582290083608,64,32,2,32,2,2,8
0.066483,1.329652,0.00118,0.035247,0.02051,specmcf,cl_128_L1d_128kB,1.299095,0.9770187989037734,128,32,2,128,2,2,8
0.066601,1.332011,0.001858,0.035157,0.020204,specmcf,cl_128_L1d_32kB,1.299095,0.9752884923623004,32,32,2,128,2,2,8
0.066766,1.335325,0.002302,0.035155,0.019912,specmcf,cl_128_L1d_assoc_1,1.299095,0.9728680283826034,64,32,2,128,1,2,8
0.0665,1.329997,0.001246,0.035234,0.020478,specmcf,cl_128_L1d_assoc_4,1.299095,0.9767653611248748,64,32,2,128,4,2,8
0.071676,1.433521,0.001384,0.053401,0.013747,specmcf,cl_128_L1i_16kB,1.299095,0.906226696365104,64,16,2,128,2,2,8
0.056238,1.124752,0.001384,2e-05,0.529311,specmcf,cl_128_L1i_64kB,1.299095,1.1550057257066448,64,64,2,128,2,2,8
0.066554,1.331076,0.001384,0.039459,0.018317,specmcf,cl_128_L1i_assoc_1,1.299095,0.9759735732595284,64,32,2,128,2,1,8
0.056241,1.124828,0.001384,2.4e-05,0.52776,specmcf,cl_128_L1i_assoc_4,1.299095,1.1549276867218812,64,32,2,128,2,4,8
0.066747,1.334943,0.001384,0.035228,0.022876,specmcf,cl_128_L2_1MB,1.299095,0.9731464189856796,64,32,1,128,2,2,8
0.066505,1.330106,0.001384,0.035205,0.020211,specmcf,cl_128_L2_4MB,1.299095,0.9766853168093372,64,32,4,128,2,2,8
0.066528,1.330561,0.001384,0.035209,0.020446,specmcf,cl_128_L2_assoc_16,1.299095,0.9763513284997832,64,32,2,128,2,2,16
0.066529,1.330574,0.001384,0.03521,0.020442,specmcf,cl_128_L2_assoc_4,1.299095,0.9763417893330248,64,32,2,128,2,2,4
0.064826,1.296513,0.000806,0.032583,0.01163,specmcf,cl_256_L1d_128kB,1.299095,1.0019914956502558,128,32,2,256,2,2,8
0.065183,1.303668,0.00209,0.032582,0.011154,specmcf,cl_256_L1d_32kB,1.299095,0.9964922050706162,32,32,2,256,2,2,8
0.065368,1.307368,0.002538,0.032574,0.011002,specmcf,cl_256_L1d_assoc_1,1.299095,0.9936720188959804,64,32,2,256,1,2,8
0.064866,1.297318,0.000921,0.032583,0.011584,specmcf,cl_256_L1d_assoc_4,1.299095,1.0013697489744229,64,32,2,256,4,2,8
0.074207,1.484133,0.001172,0.063935,0.006018,specmcf,cl_256_L1i_16kB,1.299095,0.8753224946820805,64,16,2,256,2,2,8
0.055531,1.110613,0.001172,2.7e-05,0.292734,specmcf,cl_256_L1i_64kB,1.299095,1.1697098809396254,64,64,2,256,2,2,8
0.06585,1.317007,0.001172,0.03731,0.010092,specmcf,cl_256_L1i_assoc_1,1.299095,0.9863994648471875,64,32,2,256,2,1,8
0.058593,1.171854,0.001172,0.011248,0.030815,specmcf,cl_256_L1i_assoc_4,1.299095,1.108580932436976,64,32,2,256,2,4,8
0.06508,1.3016,0.001172,0.032583,0.013313,specmcf,cl_256_L2_1MB,1.299095,0.9980754456054088,64,32,1,256,2,2,8
0.064914,1.298288,0.001172,0.032583,0.011384,specmcf,cl_256_L2_4MB,1.299095,1.000621587814106,64,32,4,256,2,2,8
0.064923,1.298463,0.001172,0.032583,0.011502,specmcf,cl_256_L2_assoc_16,1.299095,1.0004867293099613,64,32,2,256,2,2,16
0.064924,1.298477,0.001172,0.032583,0.011496,specmcf,cl_256_L2_assoc_4,1.299095,1.0004759421999774,64,32,2,256,2,2,4
0.064955,1.299095,0.002108,0.023612,0.055046,specmcf,default,1.299095,1.0,64,32,2,64,2,2,8
0.064926,1.298527,0.001932,0.023611,0.055391,specmcf,L1d_128kB,1.299095,1.0004374187059646,128,32,2,64,2,2,8
0.057759,1.155171,0.001932,1.8e-05,0.776058,specmcf,L1d_128kB_L1i_64kB,1.299095,1.1245910778577373,128,64,2,64,2,2,8
0.057987,1.159743,0.001932,1.8e-05,0.837071,specmcf,L1d_128kB_L1i_64kB_L2_1MB,1.299095,1.120157655618529,128,64,1,64,2,2,8
0.057987,1.159741,0.001932,1.8e-05,0.837149,specmcf,L1d_128kB_L1i_64kB_L2_1MB_L2_assoc_16,1.299095,1.1201595873561427,128,64,1,64,2,2,16
0.057978,1.15955,0.001877,1.8e-05,0.857904,specmcf,L1d_128kB_L1i_64kB_L2_1MB_L2_assoc_16_L1d_assoc_4,1.299095,1.120344099003924,128,64,1,64,4,2,16
0.057735,1.154704,0.001932,1.8e-05,0.770179,specmcf,L1d_128kB_L1i_64kB_L2_4MB,1.299095,1.1250458992088015,128,64,4,64,2,2,8
0.057735,1.154704,0.001932,1.8e-05,0.770179,specmcf,L1d_128kB_L1i_64kB_L2_4MB_L2_assoc_16,1.299095,1.1250458992088015,128,64,4,64,2,2,16
0.057727,1.154547,0.001877,1.8e-05,0.78931,specmcf,L1d_128kB_L1i_64kB_L2_4MB_L2_assoc_16_L1d_assoc_4,1.299095,1.1251988875290484,128,64,4,64,4,2,16
0.064989,1.29978,0.002493,0.023612,0.054349,specmcf,L1d_32kB,1.299095,0.9994729877363864,32,32,2,64,2,2,8
0.065048,1.300951,0.002816,0.023609,0.053669,specmcf,L1d_assoc_1,1.299095,0.9985733513406732,64,32,2,64,1,2,8
0.064933,1.298668,0.00197,0.023611,0.055307,specmcf,L1d_assoc_4,1.299095,1.000328798430392,64,32,2,64,4,2,8
0.064931,1.298611,0.001932,0.023611,0.055376,specmcf,L1d_assoc_8,1.299095,1.0003727059142424,64,32,2,64,8,2,8
0.070116,1.402316,0.002108,0.042936,0.031607,specmcf,L1i_16kB,1.299095,0.9263924821509562,64,16,2,64,2,2,8
0.05778,1.155606,0.002108,1.8e-05,0.711878,specmcf,L1i_64kB,1.299095,1.124167752676951,64,64,2,64,2,2,8
0.066777,1.335538,0.002108,0.034857,0.038453,specmcf,L1i_assoc_1,1.299095,0.9727128692706613,64,32,2,64,2,1,8
0.057773,1.15545,0.002108,1.9e-05,0.711863,specmcf,L1i_assoc_4,1.299095,1.1243195291877623,64,32,2,64,2,4,8
0.057773,1.15545,0.002108,1.8e-05,0.711944,specmcf,L1i_assoc_8,1.299095,1.1243195291877623,64,32,2,64,2,8,8
0.065187,1.30375,0.002108,0.023612,0.059346,specmcf,L2_1MB,1.299095,0.9964295302013424,64,32,1,64,2,2,8
0.064926,1.298512,0.002108,0.023612,0.054613,specmcf,L2_4MB,1.299095,1.0004489754426604,64,32,4,64,2,2,8
0.064956,1.299114,0.002108,0.023612,0.055085,specmcf,L2_assoc_16,1.299095,0.9999853746476444,64,32,2,64,2,2,16
0.06496,1.299192,0.002108,0.023612,0.055223,specmcf,L2_assoc_2,1.299095,0.9999253382102108,64,32,2,64,2,2,2
0.064956,1.299113,0.002108,0.023612,0.055066,specmcf,L2_assoc_32,1.299095,0.9999861443923664,64,32,2,64,2,2,32
0.064952,1.299037,0.002108,0.023612,0.055085,specmcf,L2_assoc_4,1.299095,1.00004464845882,64,32,2,64,2,2,4
0.064956,1.299113,0.002108,0.023612,0.055078,specmcf,L2_assoc_64,1.299095,0.9999861443923664,64,32,2,64,2,2,64
0.055382,1.10763,0.000748,9e-06,0.469336,specmcf,cl_256_L2_4MB_L1i_64kB_L1d_128kB_L2_assoc_16_L1d_assoc_4_L1i_assoc_16,1.299095,1.1728600706011938,128,64,4,256,4,16,16
0.055382,1.10763,0.000748,9e-06,0.469183,specmcf,cl_256_L2_4MB_L1i_64kB_L1d_128kB_L2_assoc_16_L1d_assoc_4_L1i_assoc_4,1.299095,1.1728600706011938,128,64,4,256,4,4,16
0.055382,1.10763,0.000748,9e-06,0.469314,specmcf,cl_256_L2_4MB_L1i_64kB_L1d_128kB_L2_assoc_16_L1d_assoc_4_L1i_assoc_8,1.299095,1.1728600706011938,128,64,4,256,4,8,16
0.055373,1.10746,0.000722,9e-06,0.485436,specmcf,cl_256_L2_4MB_L1i_64kB_L1d_128kB_L2_assoc_16_L1d_assoc_8_L1i_assoc_8,1.299095,1.1730401098008054,128,64,4,256,8,8,16
0.339974,6.799471,0.060922,1.5e-05,0.999825,specsjeng,Cacheline_128,10.270554,1.5104930957128873,64,32,2,128,2,2,8
1.674291,33.485823,0.487302,2.9e-05,0.999994,specsjeng,Cacheline_16,10.270554,0.3067135008149568,64,32,2,16,2,2,8
0.258786,5.175719,0.030472,1.1e-05,0.999168,specsjeng,Cacheline_256,10.270554,1.984372412799072,64,32,2,256,2,2,8
0.882685,17.653706,0.243654,2.3e-05,0.999988,specsjeng,Cacheline_32,10.270554,0.5817789193951685,64,32,2,32,2,2,8
0.339968,6.799362,0.060921,1.5e-05,0.999856,specsjeng,cl_128_L1d_128kB,10.270554,1.510517310300584,128,32,2,128,2,2,8
0.339974,6.799471,0.060926,1.5e-05,0.999686,specsjeng,cl_128_L1d_32kB,10.270554,1.5104930957128873,32,32,2,128,2,2,8
0.341924,6.83849,0.062028,1.5e-05,0.964868,specsjeng,cl_128_L1d_assoc_1,10.270554,1.5018745366301625,64,32,2,128,1,2,8
0.339977,6.799536,0.060918,1.5e-05,0.999949,specsjeng,cl_128_L1d_assoc_4,10.270554,1.5104786561906578,64,32,2,128,4,2,8
0.339968,6.799362,0.060922,1.7e-05,0.999797,specsjeng,cl_128_L1i_16kB,10.270554,1.510517310300584,64,16,2,128,2,2,8
0.339969,6.79938,0.060922,1.3e-05,0.999846,specsjeng,cl_128_L1i_64kB,10.270554,1.510513311507814,64,64,2,128,2,2,8
0.339974,6.799471,0.060922,1.6e-05,0.999807,specsjeng,cl_128_L1i_assoc_1,10.270554,1.5104930957128873,64,32,2,128,2,1,8
0.339991,6.79983,0.060922,1.3e-05,0.999842,specsjeng,cl_128_L1i_assoc_4,10.270554,1.5104133485690083,64,32,2,128,2,4,8
0.340068,6.801366,0.060922,1.5e-05,0.999825,specsjeng,cl_128_L2_1MB,10.270554,1.510072241370337,64,32,1,128,2,2,8
0.339765,6.795293,0.060922,1.5e-05,0.999825,specsjeng,cl_128_L2_4MB,10.270554,1.5114218032982538,64,32,4,128,2,2,8
0.339983,6.799653,0.060922,1.5e-05,0.999825,specsjeng,cl_128_L2_assoc_16,10.270554,1.5104526657463255,64,32,2,128,2,2,16
0.339968,6.799362,0.060922,1.5e-05,0.999825,specsjeng,cl_128_L2_assoc_4,10.270554,1.510517310300584,64,32,2,128,2,2,4
0.258784,5.175684,0.030467,1.1e-05,0.999509,specsjeng,cl_256_L1d_128kB,10.270554,1.9843858319016383,128,32,2,256,2,2,8
0.258801,5.176027,0.03049,1.1e-05,0.99804,specsjeng,cl_256_L1d_32kB,10.270554,1.984254332521836,32,32,2,256,2,2,8
0.262687,5.253734,0.03266,1.1e-05,0.874006,specsjeng,cl_256_L1d_assoc_1,10.270554,1.9549055966670563,64,32,2,256,1,2,8
0.258778,5.17556,0.030461,1.1e-05,0.999891,specsjeng,cl_256_L1d_assoc_4,10.270554,1.9844333753255687,64,32,2,256,4,2,8
0.25879,5.175806,0.030472,1.4e-05,0.99911,specsjeng,cl_256_L1i_16kB,10.270554,1.984339057530364,64,16,2,256,2,2,8
0.258787,5.175745,0.030472,9e-06,0.999218,specsjeng,cl_256_L1i_64kB,10.270554,1.9843624444403656,64,64,2,256,2,2,8
0.258794,5.175871,0.030472,1.3e-05,0.999128,specsjeng,cl_256_L1i_assoc_1,10.270554,1.9843141376591495,64,32,2,256,2,1,8
0.25879,5.175806,0.030472,1e-05,0.999198,specsjeng,cl_256_L1i_assoc_4,10.270554,1.984339057530364,64,32,2,256,2,4,8
0.258892,5.177835,0.030472,1.1e-05,0.999168,specsjeng,cl_256_L2_1MB,10.270554,1.9835614692241064,64,32,1,256,2,2,8
0.258578,5.17157,0.030472,1.1e-05,0.999168,specsjeng,cl_256_L2_4MB,10.270554,1.985964416995226,64,32,4,256,2,2,8
0.258789,5.175774,0.030472,1.1e-05,0.999168,specsjeng,cl_256_L2_assoc_16,10.270554,1.9843513260045744,64,32,2,256,2,2,16
0.258792,5.175839,0.030472,1.1e-05,0.999168,specsjeng,cl_256_L2_assoc_4,10.270554,1.98432640582522,64,32,2,256,2,2,4
0.513528,10.270554,0.121831,2e-05,0.999972,specsjeng,default,10.270554,1.0,64,32,2,64,2,2,8
0.513526,10.27052,0.121831,2e-05,0.999976,specsjeng,L1d_128kB,10.270554,1.0000033104458197,128,32,2,64,2,2,8
0.513526,10.27052,0.121831,1.9e-05,0.999983,specsjeng,L1d_128kB_L1i_64kB,10.270554,1.0000033104458197,128,64,2,64,2,2,8
0.51365,10.273004,0.121831,1.9e-05,0.999983,specsjeng,L1d_128kB_L1i_64kB_L2_1MB,10.270554,0.9997615108492122,128,64,1,64,2,2,8
0.513513,10.270259,0.121831,1.9e-05,0.999983,specsjeng,L1d_128kB_L1i_64kB_L2_1MB_L2_assoc_16,10.270554,1.000028723715731,128,64,1,64,2,2,16
0.513517,10.270342,0.121831,1.9e-05,0.999986,specsjeng,L1d_128kB_L1i_64kB_L2_1MB_L2_assoc_16_L1d_assoc_4,10.270554,1.0000206419610955,128,64,1,64,4,2,16
0.513271,10.265414,0.121831,1.9e-05,0.999983,specsjeng,L1d_128kB_L1i_64kB_L2_4MB,10.270554,1.0005007104438264,128,64,4,64,2,2,8
0.513229,10.264575,0.121831,1.9e-05,0.999983,specsjeng,L1d_128kB_L1i_64kB_L2_4MB_L2_assoc_16,10.270554,1.0005824888025077,128,64,4,64,2,2,16
0.513274,10.265472,0.121831,1.9e-05,0.999986,specsjeng,L1d_128kB_L1i_64kB_L2_4MB_L2_assoc_16_L1d_assoc_4,10.270554,1.000495057606703,128,64,4,64,4,2,16
0.513526,10.27052,0.121833,2e-05,0.999948,specsjeng,L1d_32kB,10.270554,1.0000033104458197,32,32,2,64,2,2,8
0.514501,10.290026,0.122393,2e-05,0.990849,specsjeng,L1d_assoc_1,10.270554,0.998107682138024,64,32,2,64,1,2,8
0.513526,10.27052,0.121831,2e-05,0.999978,specsjeng,L1d_assoc_4,10.270554,1.0000033104458197,64,32,2,64,4,2,8
0.513518,10.270355,0.121831,2e-05,0.999978,specsjeng,L1d_assoc_8,10.270554,1.0000193761559362,64,32,2,64,8,2,8
0.513545,10.270894,0.121831,2.3e-05,0.999959,specsjeng,L1i_16kB,10.270554,0.9999668967472548,64,16,2,64,2,2,8
0.513524,10.270481,0.121831,1.9e-05,0.999979,specsjeng,L1i_64kB,10.270554,1.000007107748897,64,64,2,64,2,2,8
0.513536,10.270716,0.121831,2.2e-05,0.999962,specsjeng,L1i_assoc_1,10.270554,0.9999842270003376,64,32,2,64,2,1,8
0.513533,10.270653,0.121831,2e-05,0.999976,specsjeng,L1i_assoc_4,10.270554,0.9999903608855252,64,32,2,64,2,4,8
0.513526,10.270525,0.121831,1.9e-05,0.999978,specsjeng,L1i_assoc_8,10.270554,1.0000028236141776,64,32,2,64,2,8,8
0.513664,10.273271,0.121831,2e-05,0.999972,specsjeng,L2_1MB,10.270554,0.9997355272726672,64,32,1,64,2,2,8
0.513271,10.265417,0.121831,2e-05,0.999972,specsjeng,L2_4MB,10.270554,1.0005004180541328,64,32,4,64,2,2,8
0.513545,10.27089,0.121831,2e-05,0.999972,specsjeng,L2_assoc_16,10.270554,0.9999672861845468,64,32,2,64,2,2,16
0.513507,10.27014,0.121831,2e-05,0.999972,specsjeng,L2_assoc_2,10.270554,1.0000403110376297,64,32,2,64,2,2,2
0.513283,10.265663,0.121831,2e-05,0.999972,specsjeng,L2_assoc_32,10.270554,1.0004764426808088,64,32,2,64,2,2,32
0.513526,10.270525,0.121831,2e-05,0.999972,specsjeng,L2_assoc_4,10.270554,1.0000028236141776,64,32,2,64,2,2,4
0.513214,10.264288,0.121831,2e-05,0.999972,specsjeng,L2_assoc_64,10.270554,1.0006104661131878,64,32,2,64,2,2,64
0.258572,5.171443,0.030461,9e-06,0.999963,specsjeng,cl_256_L2_4MB_L1i_64kB_L1d_128kB_L2_assoc_16_L1d_assoc_4_L1i_assoc_16,10.270554,1.9860131881952483,128,64,4,256,4,16,16
0.258569,5.171385,0.030461,9e-06,0.999957,specsjeng,cl_256_L2_4MB_L1i_64kB_L1d_128kB_L2_assoc_16_L1d_assoc_4_L1i_assoc_4,10.270554,1.9860354624534824,128,64,4,256,4,4,16
0.258569,5.171385,0.030461,9e-06,0.999964,specsjeng,cl_256_L2_4MB_L1i_64kB_L1d_128kB_L2_assoc_16_L1d_assoc_4_L1i_assoc_8,10.270554,1.9860354624534824,128,64,4,256,4,8,16
0.258568,5.171358,0.030461,9e-06,0.999964,specsjeng,cl_256_L2_4MB_L1i_64kB_L1d_128kB_L2_assoc_16_L1d_assoc_8_L1i_assoc_8,10.270554,1.9860458316751617,128,64,4,256,8,8,16
